Date,ActivePower,ReactivePower,Voltage,Kitchen,Laundry,HVAC
2006-12-16,1209.176,34.922,236.24376262626262,0,546,4926
2006-12-17,3390.46,226.006,240.0870277777778,2033,4187,13341
2006-12-18,2203.826,161.792,241.23169444444446,1063,2621,14018
2006-12-19,1666.194,150.942,241.9993125,839,7602,6197
2006-12-20,2225.748,160.998,242.3080625,0,2648,14063
2006-12-21,1716.624,144.166,241.04054937413073,1765,2623,10421
2006-12-22,2341.338,186.906,241.1845486111111,3151,350,11131
2006-12-23,4773.386,221.47,240.13607638888888,2669,425,14726
2006-12-24,2550.012,149.9,241.6874375,1703,5082,6891
2006-12-25,2743.12,240.28,243.39993055555556,6620,1962,5795
2006-12-26,3934.11,165.102,241.6254375,1086,2533,14979
2006-12-27,1528.76,178.902,243.76736111111111,0,314,6976
2006-12-28,2072.638,208.876,243.26833333333335,2207,4419,9176
2006-12-29,3174.392,196.394,240.87130555555555,1252,5162,11329
2006-12-30,2789.302,311.928,240.54068845618914,3072,7891,12480
2006-12-31,3494.196,150.852,239.8965763888889,0,347,6502
2007-01-01,2749.004,148.166,240.12897916666665,0,352,5880
2007-01-02,1269.236,190.342,241.94377777777777,0,348,6562
2007-01-03,1014.054,196.728,243.55709027777777,0,344,4765
2007-01-04,3259.412,202.302,239.7502986111111,1051,7597,10896
2007-01-05,2713.364,173.154,240.4957638888889,1483,379,7602
2007-01-06,1508.378,192.188,239.67305555555555,1336,402,5678
2007-01-07,2447.62,246.074,240.9024861111111,1987,8177,12810
2007-01-08,2241.36,207.568,239.5769513888889,0,467,17547
2007-01-09,1869.054,207.248,240.48752083333332,1688,4267,9790
2007-01-10,2154.8,228.452,241.0274513888889,771,4456,11012
2007-01-11,2255.194,230.02,241.1556875,1378,2170,12415
2007-01-12,1461.296,199.14,241.53820833333333,0,439,8276
2007-01-13,3186.814,290.736,239.2836111111111,7806,2975,11341
2007-01-14,3007.816,227.12,238.82184850590687,1777,4215,12975
2007-01-15,2148.678,174.86,241.24090972222223,1099,2239,15163
2007-01-16,1686.404,185.428,241.94475694444444,2063,644,6583
2007-01-17,2847.688,200.752,241.00525,3500,5737,16064
2007-01-18,1821.462,177.712,240.8935972222222,0,336,13491
2007-01-19,1480.44,170.052,240.16094444444445,2103,330,7172
2007-01-20,3133.732,238.362,238.86747222222223,4324,5222,11440
2007-01-21,3407.262,229.736,238.96811805555555,10346,5567,11599
2007-01-22,2180.494,168.642,241.60313194444444,1054,2983,11361
2007-01-23,1777.64,138.28,242.76255555555556,0,1064,5061
2007-01-24,2987.854,178.06,241.45769444444446,3464,2480,11744
2007-01-25,1596.344,144.16,243.4243611111111,1158,262,11239
2007-01-26,1617.972,142.902,242.77179166666667,1163,261,8238
2007-01-27,2044.072,148.242,241.61656944444445,1170,3896,12374
2007-01-28,3090.204,153.352,240.30478804725504,3466,3997,12045
2007-01-29,1982.664,165.696,240.9295972222222,1123,294,15254
2007-01-30,1707.798,180.934,241.840875,1123,1424,8149
2007-01-31,2363.752,185.988,239.92113194444445,0,5950,15052
2007-02-01,1824.76,150.264,240.3921388888889,1170,386,13145
2007-02-02,1667.736,139.542,240.3343888888889,0,356,11338
2007-02-03,4029.722,245.824,238.91019444444444,4746,4573,17834
2007-02-04,3595.94,186.494,239.63333333333333,3391,4597,14472
2007-02-05,1645.28,147.228,240.8103125,896,2564,7849
2007-02-06,1273.48,142.566,241.26415972222222,1185,405,4517
2007-02-07,2328.018,177.708,241.14969444444444,3299,3513,11986
2007-02-08,1801.414,138.896,241.79730555555557,2226,366,10157
2007-02-09,1620.198,158.066,241.74044444444445,0,3045,9770
2007-02-10,2829.328,192.974,240.0368263888889,5071,2831,14405
2007-02-11,3571.228,204.314,239.50614583333333,2430,4765,13114
2007-02-12,1877.61,136.704,240.0985,2227,399,11517
2007-02-13,1414.546,134.678,241.16685416666667,0,2828,6256
2007-02-14,2498.672,202.506,240.3753888888889,3295,3793,11579
2007-02-15,1985.346,165.964,240.66922222222223,0,2363,14028
2007-02-16,1702.528,151.686,240.82094444444445,1148,859,8689
2007-02-17,2076.912,238.968,239.3160347222222,1765,2226,7157
2007-02-18,3829.762,255.522,239.17080555555555,6107,8003,13129
2007-02-19,2186.614,176.584,239.78958333333333,1634,2900,13085
2007-02-20,3149.928,187.158,239.86544444444445,2058,5191,9713
2007-02-21,2072.874,189.87,240.46096527777777,3527,2332,11548
2007-02-22,3369.478,137.954,238.62353963838666,1409,4129,12251
2007-02-23,1313.48,149.344,240.68596527777777,0,503,10786
2007-02-24,714.922,122.202,239.86310416666666,0,363,3562
2007-02-25,501.74,113.736,241.6815486111111,0,329,1660
2007-02-26,568.484,108.28,241.27359027777777,0,331,2830
2007-02-27,518.112,113.204,242.94427083333332,0,314,1924
2007-02-28,520.774,113.372,242.15959027777777,0,340,1973
2007-03-01,517.564,107.628,241.3214027777778,0,316,1980
2007-03-02,515.688,107.008,240.59159722222222,0,340,1969
2007-03-03,819.122,134.992,241.28808333333333,0,347,4597
2007-03-04,2090.7,175.682,240.02979861111112,1476,8711,9408
2007-03-05,2660.332,205.956,240.03090972222222,5727,12109,10026
2007-03-06,1246.5,186.148,240.98806944444445,0,1740,4700
2007-03-07,2375.206,171.2,240.3235625,1076,4761,15513
2007-03-08,1572.132,187.404,240.66542361111112,2180,3385,6655
2007-03-09,1272.612,119.238,240.88846527777778,1093,345,8631
2007-03-10,2484.712,243.528,239.80283333333333,4130,5422,10979
2007-03-11,3480.636,173.374,240.00729166666667,4810,3420,9500
2007-03-12,1950.668,134.422,240.55871527777776,1403,2841,12353
2007-03-13,1290.144,126.718,240.89796527777779,1350,3859,5323
2007-03-14,1793.364,157.522,240.77729166666666,3485,480,8607
2007-03-15,1884.814,159.326,240.28049305555555,0,3263,11036
2007-03-16,1702.054,130.208,239.52713194444445,1106,4604,5370
2007-03-17,2028.09,127.068,238.22465277777778,2208,359,12275
2007-03-18,2371.046,241.45,241.04781944444446,6564,7369,5856
2007-03-19,2152.518,144.764,240.49709027777777,1648,2686,14118
2007-03-20,2086.228,164.87,240.81563888888888,3745,2837,11255
2007-03-21,2142.092,142.83,240.98664583333334,1865,4133,12335
2007-03-22,1454.978,113.826,241.76352777777777,353,736,10462
2007-03-23,1309.008,119.488,241.64547916666666,1127,777,8369
2007-03-24,2968.43,191.024,239.70447222222222,3707,5797,16382
2007-03-25,3336.124,235.972,240.03275886031966,4630,3600,9358
2007-03-26,1416.082,160.966,241.3368125,1088,344,9096
2007-03-27,1105.14,151.726,240.60197916666667,0,3019,3697
2007-03-28,2333.898,196.518,240.4446111111111,1122,8527,13888
2007-03-29,1590.406,198.696,240.5366875,1162,460,10724
2007-03-30,1402.394,181.128,241.03922916666667,1094,468,8217
2007-03-31,3509.51,231.504,239.26077083333334,2620,7707,17682
2007-04-01,2785.9519999999998,202.552,240.02448611111112,4629,5401,19509
2007-04-02,1960.778,174.336,240.46011805555557,1755,970,16641
2007-04-03,1642.82,168.76,240.50495833333332,3630,1042,7637
2007-04-04,2051.868,172.318,240.3317847222222,3434,420,14748
2007-04-05,1844.078,244.538,241.17310416666666,1086,4277,10523
2007-04-06,1601.14,143.214,241.1844513888889,0,5466,9166
2007-04-07,1553.924,138.73,240.3785902777778,1127,3111,5923
2007-04-08,1608.816,135.882,240.34918055555556,0,485,3545
2007-04-09,1000.92,160.10999999999999,240.5504861111111,2667,514,3801
2007-04-10,777.364,148.94,240.8137013888889,209,742,2572
2007-04-11,887.482,192.446,241.1548263888889,0,1112,6421
2007-04-12,537.706,147.812,240.2560625,0,541,1818
2007-04-13,551.022,151.64,240.0504861111111,0,558,1988
2007-04-14,554.268,155.61,240.31314583333332,0,578,2008
2007-04-15,726.164,171.544,240.2366875,0,1026,2893
2007-04-16,952.39,186.074,240.65713888888888,952,1305,4656
2007-04-17,1223.734,218.354,240.19566666666665,1532,389,6199
2007-04-18,998.246,165.224,240.14677777777777,1579,355,3430
2007-04-19,1028.658,149.66,240.42984027777777,733,1605,5748
2007-04-20,822.58,145.64600000000002,240.13289583333332,1069,360,3499
2007-04-21,1673.656,212.658,239.21323611111112,6575,463,11129
2007-04-22,2233.714,267.194,239.60888194444445,4264,2287,11102
2007-04-23,1054.566,135.64,237.23564583333334,1402,506,6005
2007-04-24,1032.1,135.264,235.3449236111111,1125,527,6680
2007-04-25,1264.162,164.736,234.9411111111111,0,1469,8812
2007-04-26,1275.466,163.606,234.7872986111111,1324,1845,7163
2007-04-27,1094.332,161.928,235.21616666666668,1772,545,4756
2007-04-28,22.738,2.86,233.98619047619047,0,18,0
2007-04-29,0,0,NaN,0,0,0
2007-04-30,420.822,71.718,234.87003472222221,1214,500,1131
2007-05-01,1663.858,181.608,234.6787013888889,4005,995,8546
2007-05-02,1003.486,160.092,235.58207638888888,7,1490,3754
2007-05-03,1090.238,150.942,235.1348888888889,1906,1725,7836
2007-05-04,998.128,174.74,235.71019444444445,2259,538,3990
2007-05-05,1563.052,174.102,235.03502083333333,2913,2493,11303
2007-05-06,2102.104,182.336,234.40965277777778,3215,949,10095
2007-05-07,1643.664,168.918,234.53697222222223,946,4935,9433
2007-05-08,1789.292,181.612,234.9062361111111,4581,2011,8777
2007-05-09,1665.736,183.484,234.87372222222223,3018,5631,9474
2007-05-10,707.884,168.314,235.79625694444445,946,534,3261
2007-05-11,979.154,132.096,235.22975694444443,926,491,6471
2007-05-12,1441.566,209.172,234.7229027777778,2247,1075,10408
2007-05-13,1634.738,220.67,235.70870833333333,3612,2414,8958
2007-05-14,1467.782,298.552,235.69006944444445,3176,2417,5517
2007-05-15,904.392,111.182,235.61199305555556,0,408,5318
2007-05-16,1692.944,135.894,235.26081250000001,2213,5756,9077
2007-05-17,1231.816,131.188,235.86845833333334,1014,2073,7687
2007-05-18,1631.53,171.258,235.9945972222222,3270,3913,8116
2007-05-19,1429.442,167.858,234.94472222222223,4683,530,7022
2007-05-20,1968.328,187.532,235.34811805555555,5420,1733,7611
2007-05-21,1120.062,117.28,234.69190972222222,0,468,9060
2007-05-22,1132.852,128.916,235.4805763888889,931,3966,3984
2007-05-23,1464.936,165.878,234.81249305555556,956,3792,8119
2007-05-24,1154.388,135.56,235.5460625,955,4116,4746
2007-05-25,1614.22,174.588,234.44720138888889,8060,586,6539
2007-05-26,1512.248,174.24,235.0698888888889,2373,2754,8628
2007-05-27,2153.808,219.894,234.9084375,4366,5534,10444
2007-05-28,1637.468,151.1,234.90657638888888,4554,473,9586
2007-05-29,1061.34,113.244,235.69434722222223,0,1907,4332
2007-05-30,1609.866,147.058,234.83139583333335,2250,5948,7804
2007-05-31,938.55,129.586,235.09652777777777,935,477,3552
2007-06-01,1044.918,143.182,235.32332175121613,0,483,7664
2007-06-02,1484.362,166.108,234.46902777777777,3971,1250,7633
2007-06-03,2108.026,182.458,234.762375,4985,7529,8334
2007-06-04,911.618,223.192,234.74806944444444,1585,836,4533
2007-06-05,1458.892,255.692,234.6927638888889,4484,1027,6448
2007-06-06,1693.638,231.06,234.62163307852674,3329,829,11663
2007-06-07,985.002,172.334,234.47880555555557,985,699,3959
2007-06-08,2148.046,229.732,236.19744444444444,2799,11440,11380
2007-06-09,1059.814,226.656,240.70545649072753,852,596,6590
2007-06-10,1340.812,239.092,240.84428472222223,4202,1924,5983
2007-06-11,794.654,194.63400000000001,240.85675,0,487,5328
2007-06-12,918.766,216.416,240.22489583333333,1882,475,3898
2007-06-13,927.272,208.26,240.39760416666667,957,857,5216
2007-06-14,1259.084,231.696,239.84778472222223,3322,2147,7054
2007-06-15,989.604,251.762,240.46438194444445,2269,4011,4547
2007-06-16,2017.762,307.558,239.50169444444444,3289,4498,11108
2007-06-17,1947.09,239.814,240.21918055555557,4124,5038,8734
2007-06-18,678.474,180.81,240.7762013888889,0,529,4241
2007-06-19,842.36,187.986,240.26925591098748,973,535,4357
2007-06-20,1074.286,227.302,240.15616666666668,1761,2588,5106
2007-06-21,806.946,222.546,240.57494444444444,932,2400,3711
2007-06-22,566.294,208.526,240.83563194444446,0,951,3482
2007-06-23,477.56600000000003,193.12,240.31896527777778,0,786,2402
2007-06-24,714.656,179.362,241.1322152777778,0,791,3449
2007-06-25,1072.202,197.27,240.4222638888889,1985,3621,4816
2007-06-26,944.908,182.42,240.09450694444445,971,1334,5231
2007-06-27,1480.826,206.998,239.7584097222222,2603,6451,7270
2007-06-28,1295.438,217.446,239.42366666666666,0,4368,9541
2007-06-29,1304.198,206.194,240.1823002084781,4363,667,6797
2007-06-30,1335.314,188.354,240.0116111111111,3049,792,8376
2007-07-01,1026.664,172.448,240.06715277777778,969,736,4690
2007-07-02,967.032,176.924,240.6718125,1018,5281,3445
2007-07-03,1059.912,180.338,240.1869375,467,3214,4695
2007-07-04,1003.41,253.334,240.65963194444444,2329,2218,5632
2007-07-05,1057.29,246.716,240.44444444444446,2922,770,3973
2007-07-06,1069.5240000000001,219.35,240.5994513888889,2826,3563,4005
2007-07-07,1358.206,214.044,239.9101388888889,997,3047,10177
2007-07-08,1089.08,196.92,240.33889583333334,1825,2831,5277
2007-07-09,1180.158,172.422,240.61764583333334,923,594,9386
2007-07-10,908.324,176.244,239.98305555555555,67,2227,4631
2007-07-11,722.352,153.856,241.0300347222222,1015,647,5284
2007-07-12,1069.582,209.098,240.76461805555556,1029,2550,6419
2007-07-13,794.382,206.694,240.85480555555554,0,633,4427
2007-07-14,1288.17,258.45,241.29188194444444,3775,1968,6604
2007-07-15,917.024,233.182,240.5965496183206,862,632,5585
2007-07-16,853.674,233.96,236.5072361111111,830,695,4176
2007-07-17,719.632,176.088,234.74125694444444,848,694,3335
2007-07-18,757.082,156.514,231.08822916666668,909,671,4628
2007-07-19,677.886,187.012,234.2618611111111,1068,703,3130
2007-07-20,1110.422,223.118,235.56890277777777,2111,2418,4765
2007-07-21,1060.248,236.158,234.256625,428,512,7756
2007-07-22,1375.7740000000001,218.246,235.96373175816538,7091,2136,5563
2007-07-23,991.018,143.77,234.50086805555554,1747,1288,3847
2007-07-24,825.284,112.81,235.36304166666667,0,1607,5599
2007-07-25,472.56,108.234,235.6410486111111,0,151,2333
2007-07-26,924.5,115.092,234.94372222222222,975,3633,4346
2007-07-27,1202.514,120.456,235.55368055555556,1837,49,7157
2007-07-28,1621.862,178.73,235.5072361111111,907,10265,6559
2007-07-29,321.116,118.576,235.71203472222223,0,0,1288
2007-07-30,466.816,129.492,235.53022916666666,0,0,2528
2007-07-31,812.332,145.786,234.9148125,3277,0,3575
2007-08-01,1060.338,142.556,235.0091754756871,1583,0,9812
2007-08-02,1019.416,144.954,234.85659027777777,482,0,6869
2007-08-03,1063.364,125.388,234.48560416666666,958,0,9139
2007-08-04,1144.99,139.226,235.25722222222223,552,398,7966
2007-08-05,787.098,151.254,235.11527083333334,169,0,6647
2007-08-06,1089.72,154.434,234.70274305555554,1096,0,7985
2007-08-07,1483.58,131.182,234.55388194444444,437,2168,9042
2007-08-08,1125.482,119.096,234.512375,1055,1111,9660
2007-08-09,1071.68,109.474,234.2143888888889,182,4515,6646
2007-08-10,1028.01,117.656,234.4888125,336,2651,8287
2007-08-11,1091.65,115.77,234.98018055555556,1180,910,10339
2007-08-12,1241.904,127.776,235.66485416666666,1123,1156,8582
2007-08-13,1153.012,130.94,235.21656944444445,93,476,11101
2007-08-14,941.1899999999999,132.01,237.07638888888889,951,685,6256
2007-08-15,1191.86,159.764,239.99340972222222,338,508,9787
2007-08-16,958.496,131.532,239.73765972222222,962,0,7476
2007-08-17,1009.8919999999999,127.388,240.4940486111111,244,0,7769
2007-08-18,347.96,119.24,241.27963194444445,0,0,1830
2007-08-19,1422.294,160.018,239.95366666666666,1025,8912,5989
2007-08-20,1338.842,155.88,241.30069444444445,1032,6965,7383
2007-08-21,642.556,157.308,240.57305555555556,0,38,3296
2007-08-22,1209.808,154.288,240.81731944444445,3048,1836,7241
2007-08-23,1112.312,157.954,240.64730555555556,2502,259,5342
2007-08-24,1656.214,262.692,240.4946421125782,1891,3782,9944
2007-08-25,1150.88,272.548,239.85982638888888,4149,2191,5678
2007-08-26,1314.906,299.388,239.95091666666667,1541,3645,5658
2007-08-27,1211.73,299.084,239.92358333333334,2305,1229,6344
2007-08-28,997.004,181.114,239.549875,1038,2468,5483
2007-08-29,747.992,175.426,240.74499305555557,957,562,4932
2007-08-30,1202.458,191.048,240.57317361111112,3822,2580,4221
2007-08-31,1279.822,187.256,239.98570138888888,1200,666,8738
2007-09-01,1701.486,289.846,239.35574305555556,2497,569,9733
2007-09-02,1662.468,231.598,240.04533333333333,3613,1617,8806
2007-09-03,1038.922,188.422,239.62034722222222,621,2515,5323
2007-09-04,1584.944,179.626,239.65966666666668,2928,3501,9821
2007-09-05,1236.572,148.864,239.14815972222223,0,4144,6705
2007-09-06,901.474,172.026,239.34004861111111,0,3888,3461
2007-09-07,1336.496,181.738,239.03170138888888,3632,551,9388
2007-09-08,1469.752,186.33,239.73044444444443,3339,1801,9164
2007-09-09,1679.502,209.152,238.92214583333333,2184,4438,9233
2007-09-10,1117.376,177.498,239.38865972222223,935,595,5613
2007-09-11,983.572,151.764,240.07199305555557,943,550,5792
2007-09-12,1287.764,171.794,240.01505555555556,0,3217,7755
2007-09-13,1146.382,165.958,239.30983333333333,1175,2523,3853
2007-09-14,1135.47,183.126,239.30189583333333,901,676,5804
2007-09-15,1095.312,184.466,240.00197222222224,0,1449,6464
2007-09-16,1652.224,192.352,239.56046527777778,3118,3064,9310
2007-09-17,1461.186,202.314,239.21479861111112,6651,926,6279
2007-09-18,1167.52,147.132,238.26067361111112,1888,2029,5425
2007-09-19,1298.684,151.794,240.30520833333333,0,2743,7937
2007-09-20,1255.532,132.908,239.7149861111111,1056,489,9996
2007-09-21,1238.78,152.834,239.38146527777778,3130,2745,6316
2007-09-22,1176.172,183.432,239.48303472222221,944,1311,7688
2007-09-23,1417.97,242.974,239.50043055555557,2831,1929,7382
2007-09-24,1354.53,197.624,238.60060416666667,929,3935,7955
2007-09-25,1764.342,130.078,238.0996111111111,916,2253,9820
2007-09-26,1822.264,168.628,239.42456884561892,1058,9415,5661
2007-09-27,1392.6,150.71,239.56705555555556,1066,643,7324
2007-09-28,1680.498,222.718,239.46243055555556,996,3722,9952
2007-09-29,2296.522,182.122,239.1401111111111,4085,7457,8190
2007-09-30,1516.29,163.588,240.0647847222222,1405,582,10225
2007-10-01,1720.922,146.734,239.23991666666666,1507,6622,5960
2007-10-02,2198.864,161.828,238.49379166666668,508,8022,12815
2007-10-03,1280.454,157.738,239.26106944444444,979,5024,3692
2007-10-04,1518.458,138.448,239.2050763888889,2400,444,9710
2007-10-05,1394.092,150.636,238.82711111111112,0,351,9425
2007-10-06,1756.24,186.192,238.38071527777777,4840,347,9666
2007-10-07,2106.114,153.178,238.8262777777778,2498,8255,10886
2007-10-08,1095.242,121.896,239.0965486111111,0,420,5082
2007-10-09,1687.858,159.802,238.87914583333333,2034,2147,9290
2007-10-10,1166.972,132.752,239.42115972222223,1863,2117,3345
2007-10-11,1732.446,153.108,238.4441527777778,2630,414,7806
2007-10-12,1914.504,137.984,238.4813125,1020,5028,11659
2007-10-13,1926.728,125.204,238.76540972222222,969,3799,8463
2007-10-14,2061.252,150.05,239.1010347222222,2930,7494,7126
2007-10-15,1266.33,118.182,239.29270833333334,1061,339,7654
2007-10-16,1964.442,185.414,238.86261805555554,0,7871,9876
2007-10-17,1576.93,136.4,239.19213194444444,1065,453,8968
2007-10-18,1518.53,122.5,239.80028472222222,1162,317,9864
2007-10-19,2085.648,121.478,239.65217361111112,1299,3124,11648
2007-10-20,1660.246,139.544,241.82481944444444,2363,296,13225
2007-10-21,1941.94,154.028,241.49074305555555,3712,4357,7313
2007-10-22,1652.896,116.41,240.54540277777778,0,299,13027
2007-10-23,1954.648,127.484,241.23185674547983,1067,5186,10680
2007-10-24,1865.636,146.782,240.80827083333332,4459,364,9115
2007-10-25,1853.918,132.2,240.47263194444446,1478,2433,7385
2007-10-26,1437.568,109.676,240.68085416666668,0,348,5766
2007-10-27,1785.688,109.186,240.20120833333334,1374,4856,8949
2007-10-28,512.158,92.298,240.86605555555556,0,283,1765
2007-10-29,545.428,86.998,241.19330555555555,0,269,2749
2007-10-30,811.008,89.84,240.62592361111112,0,1935,4256
2007-10-31,1283.21,107.2,240.33897916666666,0,4700,8915
2007-11-01,496.216,85.046,240.93840277777778,0,293,1991
2007-11-02,1443.602,93.362,239.34898611111112,1346,2115,12245
2007-11-03,492.55,88.124,240.19050694444445,0,282,1936
2007-11-04,1485.686,138.802,240.20552083333334,0,4387,7068
2007-11-05,1500.592,131.35,239.65911111111112,1265,397,6583
2007-11-06,2082.378,200.526,238.70195833333332,1105,5515,10690
2007-11-07,1844.758,193.52,239.5649097222222,5042,301,6374
2007-11-08,1501.06,134.698,240.75264583333333,1715,314,6500
2007-11-09,2171.226,113.242,238.7154375,0,4573,15375
2007-11-10,2611.6,237.652,239.11040972222222,3697,304,13767
2007-11-11,1887.124,185.61,240.2602638888889,3445,320,6024
2007-11-12,2156.146,137.468,239.8255902777778,1018,4165,13281
2007-11-13,2214.398,140.952,241.12297916666665,978,4933,11076
2007-11-14,2047.994,141.59,239.94602777777777,1055,295,16345
2007-11-15,1491.988,133.066,239.98499305555555,1606,571,7503
2007-11-16,2309.754,123.978,240.9835138888889,1991,4660,13564
2007-11-17,2610.094,168.03,240.6034236111111,2588,2199,14990
2007-11-18,2183.858,161.762,242.26045833333333,5201,2097,7066
2007-11-19,1723.654,112.03,242.76635416666667,1089,253,10750
2007-11-20,2095.856,124.832,241.3388263888889,1015,3954,11026
2007-11-21,1751.836,131.48,241.49676164002778,1139,549,9455
2007-11-22,1932.378,143.108,241.5650486111111,2867,297,9001
2007-11-23,2522.618,138.912,240.72236805555556,2168,6181,13685
2007-11-24,1899.054,150.512,241.80274305555557,1573,4131,13451
2007-11-25,1395.598,122.776,242.6611597222222,3556,279,5678
2007-11-26,1569.716,117.05,241.11649305555557,1088,288,8926
2007-11-27,2801.012,139.994,241.32109722222222,1063,11020,15111
2007-11-28,1644.94,115.44200000000001,242.89480555555556,1182,769,7810
2007-11-29,1719.23,118.71,242.731042390549,2031,283,8818
2007-11-30,2331.728,147.28,243.48775,0,7941,13601
2007-12-01,3134.942,288.892,240.26608333333334,9356,353,17847
2007-12-02,2946.188,325.082,240.73000694444445,2090,6915,10636
2007-12-03,1762.06,131.914,241.07959027777778,1141,299,10428
2007-12-04,2067.636,145.016,241.53597916666666,1012,5828,8561
2007-12-05,2153.12,178.398,241.22788194444445,3422,295,10919
2007-12-06,2487.934,161.936,239.71009722222223,4751,318,11908
2007-12-07,1769.016,147.64,240.6710486111111,459,3710,10263
2007-12-08,2213.404,154.34,239.55993055555555,1133,2354,12283
2007-12-09,2274.584,200.936,239.91507638888888,4176,2428,8728
2007-12-10,1758.754,125.012,241.90383333333332,1102,278,8281
2007-12-11,2305.104,133.698,241.4602361111111,1050,3817,12740
2007-12-12,1588.062,116.886,242.47632638888888,1152,254,7759
2007-12-13,1847.746,111.49,241.82734027777778,1103,1448,8911
2007-12-14,1974.808,179.55,241.9859236111111,980,3849,12941
2007-12-15,2736.876,157.626,241.28064583333332,1706,3687,14313
2007-12-16,2762.218,126.938,242.6849861111111,3410,2281,12929
2007-12-17,1797.066,105.098,242.62575399583045,1636,243,10567
2007-12-18,2623.194,144.08,242.93998611111112,1123,5810,11093
2007-12-19,2196.052,109.336,242.70109722222222,1233,2658,11679
2007-12-20,1949.758,119.434,243.1679375,1859,276,13592
2007-12-21,1982.576,106.47,242.88163194444445,1191,200,12251
2007-12-22,2611.264,141.314,242.1455347222222,3819,4550,12673
2007-12-23,2409.048,176.272,242.5579375,1971,3091,11962
2007-12-24,2257.848,149.754,242.6504236111111,2985,2316,14350
2007-12-25,2694.968,151.812,242.98086805555556,4588,3368,9084
2007-12-26,2580.28,140.314,242.39239583333332,1109,2773,9480
2007-12-27,2532.198,190.582,242.1116111111111,4122,1490,7960
2007-12-28,3113.052,206.8,242.28447916666667,1980,8554,15823
2007-12-29,3298.956,199.892,240.55066666666667,4836,2434,14906
2007-12-30,2558.916,178.436,242.0991736111111,3595,3597,13485
2007-12-31,2216.542,145.536,241.09479166666668,0,3457,14071
2008-01-01,2759.738,142.508,241.0366736111111,2461,2739,12355
2008-01-02,1644.106,111.666,242.41745138888888,0,3094,8987
2008-01-03,1510.108,121.182,243.07745833333334,1130,846,6671
2008-01-04,2291.852,136.706,241.27338194444445,1241,5326,11752
2008-01-05,2183.248,129.464,238.82294444444443,2113,286,14591
2008-01-06,1825.184,116.958,239.40729166666668,1966,2445,7824
2008-01-07,1695.814,116.172,240.7439375,1288,282,10294
2008-01-08,2043.55,127.452,240.82180555555556,2197,3511,9793
2008-01-09,1788.44,125.336,241.2586388888889,1162,284,8963
2008-01-10,1894.076,120.504,240.8071388888889,1307,285,9992
2008-01-11,1705.818,95.484,240.4100486111111,1261,290,7997
2008-01-12,2871.408,162.724,239.96018055555555,5594,2621,11116
2008-01-13,2881.656,144.278,239.75119527449618,6505,340,9362
2008-01-14,2024.932,120.11,240.29900694444444,5918,339,9738
2008-01-15,2686.912,113.144,240.70948611111112,782,6883,14512
2008-01-16,2135.852,128.93,240.42214583333333,1162,3430,9391
2008-01-17,1572.282,116.718,241.62799305555555,1007,350,8657
2008-01-18,2186.988,119.29,239.93293055555554,1034,846,14983
2008-01-19,1980.306,134.982,239.6059236111111,2521,6054,8015
2008-01-20,1740.368,138.614,239.94454166666668,1775,380,4940
2008-01-21,1858.998,122.4,239.56475,0,376,10447
2008-01-22,2325.018,143.462,240.09477777777778,4670,7640,7552
2008-01-23,1882.308,107.984,240.90704861111112,1116,387,13359
2008-01-24,1645.022,104.306,240.77922916666665,1107,320,5935
2008-01-25,2239.856,119.626,240.70544444444445,0,2421,11409
2008-01-26,2834.988,168.422,239.76020833333334,4925,311,15606
2008-01-27,2381.766,140.758,241.30367361111112,3725,3818,7367
2008-01-28,2308.196,107.836,240.46677777777776,1142,280,12792
2008-01-29,2676.024,117.176,240.62310416666668,1487,6199,11077
2008-01-30,1640.646,116.47,241.6146527777778,0,261,7261
2008-01-31,1953.922,137.576,241.88575,1165,267,9437
2008-02-01,1534.652,179.25,240.36027083333335,336,280,7241
2008-02-02,2936.034,230.968,240.29051424600416,6247,2764,15188
2008-02-03,2084.568,153.708,240.3407222222222,2319,4435,8452
2008-02-04,1628.138,104.034,240.25520833333334,1161,252,9531
2008-02-05,2472.456,152.786,240.97691666666665,1098,7803,13717
2008-02-06,1669.54,114.26,238.41371527777778,2114,356,8428
2008-02-07,1518.31,108.706,241.07054861111112,0,295,8089
2008-02-08,1950.564,119.094,240.43311805555555,940,1921,9563
2008-02-09,2102.276,144.528,241.76450694444443,2050,2838,10293
2008-02-10,2184.714,151.736,241.2752013888889,2562,2955,10128
2008-02-11,1692.016,102.246,241.69219444444445,1018,297,8930
2008-02-12,1987.798,130.946,239.50915277777779,2009,1856,12138
2008-02-13,1900.498,128.478,241.20309722222223,2530,3615,7568
2008-02-14,1604.622,113.646,240.76481944444444,1300,291,9299
2008-02-15,2005.208,107.952,241.89060416666666,1109,1723,13417
2008-02-16,2346.948,138.994,241.08755555555555,1076,2360,11599
2008-02-17,1933.368,120.07600000000001,242.46983333333333,3182,2257,6049
2008-02-18,1514.404,101.972,242.06393055555554,0,251,10345
2008-02-19,2126.916,137.568,241.01013194444445,1881,4711,11200
2008-02-20,2253.79,190.268,241.6696875,3655,5516,7704
2008-02-21,1633.85,112.274,240.7503888888889,0,307,8523
2008-02-22,1732.564,121.688,241.43576388888889,1167,1985,10101
2008-02-23,1833.97,132.504,239.67264255910987,1684,2250,10040
2008-02-24,1263.008,107.332,240.3777986111111,754,332,11447
2008-02-25,504.488,91.72,239.77600694444445,0,321,1856
2008-02-26,507.12,84.59,239.5333263888889,0,295,2013
2008-02-27,566.72,86.168,239.55402083333334,0,326,2969
2008-02-28,509.18399999999997,83.248,239.80427083333333,0,281,2028
2008-02-29,1333.348,88.948,238.03849305555556,0,3773,8062
2008-03-01,1141.876,105.158,239.4315138888889,0,1287,2724
2008-03-02,1162.2259999999999,144.71,239.74624305555557,0,5244,2565
2008-03-03,1040.55,114.334,240.3519861111111,0,2207,1755
2008-03-04,1668.99,108.958,241.02641666666668,1249,2443,9415
2008-03-05,2037.208,140.898,241.06524305555556,1145,9797,5529
2008-03-06,2503.208,106.184,240.42922916666666,1082,372,6965
2008-03-07,1862.956,129.392,240.81606944444445,1235,3471,9033
2008-03-08,2248.66,237.08,241.5909513888889,6286,346,8435
2008-03-09,1560.458,135.574,240.74638194444444,2607,333,4155
2008-03-10,1618.686,127.124,241.72734722222222,2009,368,8660
2008-03-11,2200.042,151.1,240.42415277777778,1271,3901,12936
2008-03-12,1774.232,138.194,241.05720833333334,1120,2374,11042
2008-03-13,1675.514,128.474,240.802625,3263,3590,5464
2008-03-14,2210.22,159.748,240.62736805555556,980,3881,14476
2008-03-15,1576.3,154.412,240.19799305555554,2550,502,5910
2008-03-16,1801.96,173.652,241.29466666666667,2394,566,11286
2008-03-17,1706.9180000000001,175.274,240.80522916666666,236,6651,9346
2008-03-18,1917.566,147.44,241.9289861111111,1156,4019,12544
2008-03-19,1308.448,142.498,242.40221527777777,2110,411,6154
2008-03-20,1253.274,120.854,241.76258333333334,1107,478,6670
2008-03-21,2066.442,223.824,241.36990972222222,2171,4778,13275
2008-03-22,2053.516,185.68,241.61215277777777,3322,588,12405
2008-03-23,2325.99,152.446,242.652625,6279,2112,13878
2008-03-24,1974.6680000000001,131.05,242.70725503822098,1131,5988,7008
2008-03-25,2015.856,127.832,242.1382152777778,2246,3677,13494
2008-03-26,1633.472,133.598,242.80979861111112,2547,3831,7547
2008-03-27,1370.8220000000001,116.44,242.09554166666666,0,356,9022
2008-03-28,1885.424,137.64,242.3233402777778,2325,3605,11581
2008-03-29,2471.15,175.068,241.2535486111111,5153,375,17240
2008-03-30,2146.392,175.97,241.16375694444446,5045,1315,9769
2008-03-31,1377.57,130.86,242.72704166666668,1091,411,9387
2008-04-01,2129.052,170.396,241.61580555555557,1079,6657,14515
2008-04-02,1691.672,142.54,238.6671597222222,1106,3674,7989
2008-04-03,1128.756,121.236,240.69424305555555,0,422,6901
2008-04-04,1631.918,125.306,241.33105555555557,2133,775,13246
2008-04-05,1970.762,203.684,240.55802777777777,2929,874,13644
2008-04-06,1696.318,150.572,241.14960416666668,1124,2615,7552
2008-04-07,1538.838,141.28,243.2283263888889,2420,672,9466
2008-04-08,2657.516,184.176,242.06658333333334,2752,10713,17519
2008-04-09,1218.852,132.864,242.31770833333334,0,376,9003
2008-04-10,1477.746,163.68,241.94904861111112,3261,457,6527
2008-04-11,1877.664,143.89,240.758375,1802,491,14522
2008-04-12,2800.014,392.272,241.0631736111111,7076,2499,15225
2008-04-13,2232.986,213.514,240.42332638888888,2554,5942,13007
2008-04-14,1589.5819999999999,154.958,242.31405555555557,0,425,11197
2008-04-15,1670.406,178.782,241.23874305555555,1174,3998,9874
2008-04-16,1489.064,125.904,241.7443888888889,838,403,11322
2008-04-17,1395.862,145.878,241.40359722222223,1719,417,8638
2008-04-18,1862.39,184.646,240.6415763888889,2174,3832,10921
2008-04-19,2253.71,245.284,241.14318055555555,4319,2457,14722
2008-04-20,1791.418,227.854,241.432875,1030,4544,10401
2008-04-21,1164.156,175.4,241.99249305555554,0,2673,6788
2008-04-22,1627.676,193.15,240.95971527777778,971,5093,10603
2008-04-23,1357.328,189.502,241.51134027777778,1380,492,8406
2008-04-24,1043.772,171.924,240.6053263888889,1263,522,5296
2008-04-25,1267.734,162.224,241.00715277777778,824,2004,9400
2008-04-26,903.166,168.696,240.7925625,0,634,3586
2008-04-27,1008.24,198.118,240.90728472222222,693,588,5488
2008-04-28,659.052,167.118,240.97845833333332,0,621,2786
2008-04-29,1972.616,215.356,240.70690277777777,1402,5411,10481
2008-04-30,1101.7259999999999,171.556,241.43364583333334,1057,590,6653
2008-05-01,576.014,150.696,241.4462638888889,0,530,2586
2008-05-02,1497.768,205.568,241.64894444444445,3114,584,8687
2008-05-03,1289.6,202.004,240.8336875,996,541,6535
2008-05-04,1470.97,209.422,241.38047916666667,2196,2872,5464
2008-05-05,1366.932,185.75,240.73685416666666,1008,378,10197
2008-05-06,1789.98,199.596,240.29031944444444,1354,5410,12200
2008-05-07,1176.264,190.956,241.08126388888888,1030,423,6649
2008-05-08,2116.698,253.244,239.85129166666667,3667,702,12717
2008-05-09,1747.272,229.874,240.47122222222222,2229,423,11904
2008-05-10,1909.128,289.814,240.08622916666667,6950,612,11714
2008-05-11,1610.92,275.702,240.48559722222222,563,1340,6930
2008-05-12,1524.204,229.14,241.041625,2082,1085,11959
2008-05-13,1476.894,236.468,240.3740625,823,4089,8370
2008-05-14,1584.262,277.374,240.7085138888889,2467,3436,9716
2008-05-15,1162.768,237.724,240.35039583333332,868,570,6820
2008-05-16,1648.03,235.202,239.62024339360224,2228,2565,8955
2008-05-17,1657.454,275.896,239.47286111111111,2158,935,12472
2008-05-18,1803.958,254.492,239.68268750000001,1775,5355,8626
2008-05-19,1030.262,175.736,240.431875,1014,558,7503
2008-05-20,1581.334,184.082,241.01960416666665,1352,2431,11977
2008-05-21,1324.112,190.326,240.76051388888888,1989,474,9251
2008-05-22,976.868,169.816,239.50019444444445,996,440,6475
2008-05-23,1484.916,178.958,239.49885416666666,0,1390,14734
2008-05-24,1580.176,285.55,240.72490277777777,1027,569,12833
2008-05-25,2048.504,290.416,239.94564583333334,4307,8811,6016
2008-05-26,1289.71,220.698,240.3636875,985,666,9284
2008-05-27,1708.7,207.466,239.39086805555556,0,5352,11478
2008-05-28,1114.372,235.644,241.32269444444444,3138,512,6709
2008-05-29,1135.076,186.832,237.67515972222222,1004,507,8703
2008-05-30,1397.244,182.218,240.55369444444443,0,3019,11298
2008-05-31,1641.47,249.924,240.65420138888888,1764,2328,11858
2008-06-01,1848.876,225.34,240.62318055555556,1906,545,11307
2008-06-02,1074.012,165.158,236.369875,960,558,6341
2008-06-03,1597.816,173.938,234.15220833333333,2897,2608,9265
2008-06-04,1588.912,152.404,234.70647222222223,1550,7682,6508
2008-06-05,1120.078,153.106,235.16382638888888,1747,506,8781
2008-06-06,1217.714,174.52,239.7169375,1009,506,7871
2008-06-07,1882.484,186.414,238.98444444444445,2379,2611,14593
2008-06-08,1542.322,188.384,239.9649375,2536,3161,9732
2008-06-09,1325.698,183.64,239.43468055555556,1967,2085,7921
2008-06-10,1067.09,216.018,239.97804861111112,907,585,8992
2008-06-11,1123.206,214.372,240.1544722222222,977,842,7566
2008-06-12,1259.332,189.292,239.69002083333334,1951,567,7246
2008-06-13,1874.28,281.816,238.88760250173732,2809,7358,10531
2008-06-14,1384.92,344.28000000000003,240.01449305555556,1862,1011,10681
2008-06-15,2289.102,281.00600000000003,239.45372916666668,6471,6802,11589
2008-06-16,1303.044,204.382,240.43346527777777,1980,464,10012
2008-06-17,1145.084,175.464,240.35443055555555,1080,432,10094
2008-06-18,1893.608,272.724,239.73986805555555,7549,3040,12687
2008-06-19,1588.0819999999999,189.418,239.2726875,3411,1514,10911
2008-06-20,1676.104,227.42,239.9391875,2948,2935,12417
2008-06-21,1734.254,239.028,239.46340972222222,940,5823,12828
2008-06-22,1566.416,294.144,239.04411805555554,4705,1175,10652
2008-06-23,1251.796,210.956,238.93765277777777,2600,581,10124
2008-06-24,1754.452,253.022,237.91538888888888,2779,3489,14271
2008-06-25,1261.77,290.626,238.8949027777778,2773,569,9402
2008-06-26,1056.02,217.414,239.35140277777776,921,572,8971
2008-06-27,1755.152,262.008,238.9349861111111,4159,2372,10163
2008-06-28,1208.8,210.954,239.14238194444445,0,2000,7932
2008-06-29,749.352,183.664,240.16064583333332,955,535,3896
2008-06-30,804.196,189.526,240.37611805555557,0,521,6819
2008-07-01,1215.24,277.788,239.54029166666666,3465,587,8390
2008-07-02,1147.202,266.538,238.96197916666668,962,650,7002
2008-07-03,1098.36,213.748,239.63549305555554,958,2569,7410
2008-07-04,942.02,188.132,240.1796527777778,0,589,8302
2008-07-05,1469.088,224.78,239.56477083333334,1875,6754,8365
2008-07-06,1805.064,253.582,240.59022916666666,4258,5230,7536
2008-07-07,983.39,202.81,239.63371527777778,2171,592,7149
2008-07-08,1126.214,196.318,239.700625,991,503,7592
2008-07-09,919.318,191.724,240.32957638888888,951,499,7352
2008-07-10,1251.276,240.242,239.86775694444444,982,552,8186
2008-07-11,1254.216,251.036,239.5169097222222,724,558,9251
2008-07-12,1328.852,266.124,240.05927777777777,4436,2617,7231
2008-07-13,1253.754,166.908,240.29121696801113,1671,3164,7056
2008-07-14,1137.926,209.668,240.4941875,2564,1995,6436
2008-07-15,1155.86,190.936,239.78144444444445,968,552,8585
2008-07-16,1077.062,206.462,240.59338194444445,1537,2799,4978
2008-07-17,1319.122,239.506,239.9170347222222,1122,723,8280
2008-07-18,1261.584,195.606,239.5771875,1143,552,9260
2008-07-19,1344.014,208.03,239.15111805555554,2941,3146,7676
2008-07-20,941.534,172.576,239.77769444444445,1943,1076,5457
2008-07-21,1156.478,172.45,239.10169444444443,1698,431,9189
2008-07-22,740.242,161.12800000000001,239.67030555555556,0,430,4886
2008-07-23,942.63,162.392,240.09611805555556,1233,454,6325
2008-07-24,1093.45,185.882,239.8837638888889,837,476,8344
2008-07-25,865.534,182.714,239.05721527777777,1168,492,6731
2008-07-26,815.684,213.318,240.02869444444445,0,948,6243
2008-07-27,1147.396,233.138,238.4711597222222,1063,858,8385
2008-07-28,825.804,198.514,239.99369444444446,0,509,5963
2008-07-29,1166.558,208.384,240.24888194444443,1571,530,5802
2008-07-30,1299.908,227.536,239.08559027777778,2548,773,6278
2008-07-31,1392.638,243.476,240.09567361111112,1533,2808,7588
2008-08-01,739.576,252.704,239.8054375,586,1150,5091
2008-08-02,505.776,178.294,239.12872916666666,0,504,3803
2008-08-03,504.782,166.052,237.0544375,0,499,3926
2008-08-04,1125.92,193.62,237.86346073662264,596,4677,4410
2008-08-05,827.118,180.248,238.73645833333333,635,509,7118
2008-08-06,326.112,214.504,240.5658263888889,0,513,2215
2008-08-07,334.884,214.94,239.3123263888889,0,526,2357
2008-08-08,302.2,196.448,239.45654166666668,0,481,1980
2008-08-09,358.924,199.99,240.71045833333332,0,489,1902
2008-08-10,352.032,189.106,240.2648888888889,0,464,1905
2008-08-11,371.916,187.62,240.7183263888889,0,489,1880
2008-08-12,288.984,187.042,240.04828472222223,0,462,1844
2008-08-13,282.584,183.836,240.8715138888889,0,451,1789
2008-08-14,270.258,177.966,241.14088194444446,0,441,1641
2008-08-15,273.654,178.178,241.15816666666666,0,439,1691
2008-08-16,274.814,181.678,242.09534722222222,0,442,1688
2008-08-17,274.796,179.516,241.1834513888889,0,445,1710
2008-08-18,273.758,178.098,241.3558402777778,0,440,1719
2008-08-19,274.692,180.622,240.89473611111111,0,442,1697
2008-08-20,268.472,178.064,241.54370833333334,0,437,1626
2008-08-21,261.298,168.972,240.29566666666668,0,432,1577
2008-08-22,267.124,174.654,240.88224305555556,0,438,1614
2008-08-23,254.642,169.422,242.14265972222222,0,419,1485
2008-08-24,254.716,163.91,241.61341666666667,0,404,1523
2008-08-25,250.298,163.87,241.47397222222222,0,422,1436
2008-08-26,257.564,166.566,241.1195486111111,0,420,1533
2008-08-27,258.114,165.872,240.57646527777777,0,399,1539
2008-08-28,268.246,174.098,240.5426527777778,0,432,1631
2008-08-29,267.588,171.186,240.33545138888888,0,430,1599
2008-08-30,270.424,177.552,240.51399305555555,0,435,1619
2008-08-31,1500.614,210.418,240.01763724808896,2056,3733,12117
2008-09-01,1247.51,184.486,239.9159097222222,950,521,10183
2008-09-02,1384.154,224.634,239.32896527777777,4273,1206,6648
2008-09-03,1388.486,179.288,240.02945833333334,1326,1902,10213
2008-09-04,1225.22,151.87199999999999,238.66349305555556,2225,404,9408
2008-09-05,873.96,147.236,239.59059027777778,379,431,6943
2008-09-06,1868.574,238.292,239.33977777777778,2948,6500,13400
2008-09-07,1372.656,176.444,240.5886875,3612,1707,5976
2008-09-08,1309.324,160.574,241.3818263888889,747,2293,9559
2008-09-09,1159.654,180.67,239.78166666666667,236,453,7728
2008-09-10,1300.764,166.43,239.48058333333333,1009,399,10281
2008-09-11,1028.714,192.038,239.09980555555555,1005,417,7644
2008-09-12,1392.762,178.298,239.9683125,1867,402,8738
2008-09-13,1631.436,186.192,240.12454861111112,930,5433,11807
2008-09-14,1576.326,193.746,239.8889861111111,4673,445,6538
2008-09-15,1697.708,136.118,240.2559097222222,960,364,10322
2008-09-16,1221.862,156.06,240.94875,0,368,8249
2008-09-17,1519.21,177.168,240.6566736111111,1910,3727,9371
2008-09-18,1505.29,189.376,240.3271388888889,4202,357,7991
2008-09-19,1518.846,166.768,240.35711111111112,1569,351,12367
2008-09-20,1304.6,156.204,240.59411805555555,0,370,12477
2008-09-21,1533.07,206.262,240.94015972222223,4010,2381,8347
2008-09-22,1358.564,151.524,240.2091597222222,1014,2448,10227
2008-09-23,1232.788,165.12800000000001,240.1833611111111,0,2168,7920
2008-09-24,1718.35,173.472,240.12579166666666,2019,4730,10548
2008-09-25,1131.22,173.77,240.2903263888889,1012,751,8485
2008-09-26,1431.45,211.572,240.393625,1221,370,10890
2008-09-27,2127.446,257.04,240.14647916666667,4347,2584,12688
2008-09-28,1731.104,163.968,240.27841666666666,1920,385,11242
2008-09-29,1501.738,199.432,240.26402083333335,1014,363,10677
2008-09-30,1375.006,155.092,240.58377083333335,998,360,7415
2008-10-01,1872.364,181.256,241.1286111111111,2249,5800,10808
2008-10-02,1345.342,153.676,240.32824305555556,0,367,9060
2008-10-03,1612.58,158.598,239.84200694444445,4801,349,9432
2008-10-04,2100.496,216.2,240.17440277777777,3462,629,12573
2008-10-05,1549.95,146.296,240.13754166666666,990,3257,6071
2008-10-06,1423.782,125.204,239.11907638888889,990,286,9562
2008-10-07,1726.568,187.234,238.85286805555555,1016,419,9476
2008-10-08,1860.576,152.41,240.04901388888888,1044,5126,11650
2008-10-09,1983.682,181.9,239.2754236111111,1032,3064,11652
2008-10-10,1518.338,148.044,239.63485416666666,0,389,12046
2008-10-11,1669.386,154.848,239.18261805555557,2144,2335,11373
2008-10-12,1907.94,161.806,240.15154166666667,2561,5822,7171
2008-10-13,1461.976,147.894,240.8094236111111,1037,535,9483
2008-10-14,1609.056,164.286,239.21572916666668,1177,442,9939
2008-10-15,2156.896,168.462,239.50679166666666,1998,7042,9984
2008-10-16,1583.68,136.84,239.26284722222223,951,429,8438
2008-10-17,1866.886,153.522,240.047625,2036,3187,9639
2008-10-18,2239.19,162.62800000000001,239.83543055555555,799,1655,12146
2008-10-19,1971.934,181.596,240.0425486111111,698,8010,4600
2008-10-20,1667.554,137.812,240.43249305555557,844,2648,10475
2008-10-21,2063.716,152.344,239.7306875,857,2663,11331
2008-10-22,1646.01,149.344,240.81576388888888,662,2542,8487
2008-10-23,1830.494,161.208,240.39904166666668,815,1435,10587
2008-10-24,2133.226,168.014,240.41369444444445,7893,2277,10284
2008-10-25,1523.156,111.238,240.96002863278454,737,394,13433
2008-10-26,523.492,115.53,242.12346527777777,0,360,2013
2008-10-27,523.892,128.978,242.22805555555556,0,402,1967
2008-10-28,1327.29,145.076,241.32679166666668,2263,362,5090
2008-10-29,1612.576,133.282,241.78959722222223,1037,345,4015
2008-10-30,1098.6,123.028,242.08329166666667,0,345,2619
2008-10-31,1285.8319999999999,104.348,241.32977083333333,0,312,10483
2008-11-01,830.498,113.672,241.81023611111112,0,344,1939
2008-11-02,910.614,120.472,242.15574305555555,0,346,2824
2008-11-03,847.6,115.248,241.76511805555555,963,347,1892
2008-11-04,1562.316,121.476,240.80244444444443,0,6214,4106
2008-11-05,3134.93,257.82,239.48077083333334,7597,10409,8362
2008-11-06,1588.438,181.468,240.39021527777777,1033,430,6734
2008-11-07,1619.184,109.988,239.75178472222223,1032,389,10421
2008-11-08,1733.138,133.168,239.30802777777777,1114,3271,6069
2008-11-09,2578.538,210.946,238.45406944444446,6301,661,14348
2008-11-10,2091.88,155.49,239.65224546722456,1023,355,10285
2008-11-11,2455.95,128.08,239.87869444444445,2475,2288,14651
2008-11-12,2186.494,158.816,240.38696105702365,1066,2712,9430
2008-11-13,1238.46,125.424,241.5979236111111,0,338,6315
2008-11-14,1621.738,127.894,241.02181944444445,2092,325,9929
2008-11-15,3031.628,165.16,238.63411805555555,3952,3799,15635
2008-11-16,2365.432,163.13,240.4941388888889,4791,1829,8945
2008-11-17,1523.636,118.874,241.13493055555554,0,378,10590
2008-11-18,1749.05,139.282,239.90204166666666,1079,369,11204
2008-11-19,1840.238,166.452,240.53961805555556,1737,3026,8704
2008-11-20,1692.336,121.19200000000001,239.81811805555554,1034,347,7732
2008-11-21,1673.93,127.554,239.92833333333334,1039,348,10396
2008-11-22,1711.368,124.868,239.7318125,1093,882,8320
2008-11-23,3405.324,206.944,239.14946490618485,3631,8823,10272
2008-11-24,3212.998,121.618,240.35948611111112,1063,510,13378
2008-11-25,2702.85,150.564,240.93060416666665,3010,345,10471
2008-11-26,1515.954,119.996,242.40089583333332,909,304,10002
2008-11-27,2362.218,126.218,241.4400138888889,2491,330,12440
2008-11-28,1885.964,128.426,243.0665138888889,1113,295,11361
2008-11-29,2434.668,166.51,241.24075694444446,5268,2392,12386
2008-11-30,2401.388,170.904,242.3745625,1161,3481,11474
2008-12-01,1616.538,118.678,243.4458402777778,1085,309,9013
2008-12-02,1793.444,145.908,243.37936805555555,0,304,11343
2008-12-03,1755.164,124.722,243.38372916666665,1137,302,9664
2008-12-04,1738.638,113.99,243.4631388888889,1085,281,11314
2008-12-05,2058.618,120.026,242.9759097222222,831,310,9852
2008-12-06,2523.836,188.144,241.1365625,4005,5749,9048
2008-12-07,2466.74,180.224,242.23854166666666,3294,310,13627
2008-12-08,1868.636,120.782,243.73161805555554,1117,296,13256
2008-12-09,2003.144,132.516,243.55565277777777,1985,2553,12886
2008-12-10,2111.02,137.006,243.50085401459853,1128,4144,10889
2008-12-11,1432.522,114.916,243.41836111111112,1160,273,7979
2008-12-12,1815.5339999999999,139.342,243.04302083333334,1157,255,12154
2008-12-13,1825.574,163.278,241.5385486111111,2186,261,9271
2008-12-14,2002.12,164.014,241.6227986111111,3742,2497,5415
2008-12-15,1795.45,113.744,243.0392013888889,1178,252,9668
2008-12-16,1797.09,114.598,243.87990277777777,0,253,11334
2008-12-17,2098.786,136.216,243.31351388888888,4251,284,10813
2008-12-18,1736.94,118.07,242.8590625,1125,258,11293
2008-12-19,1882.112,132.154,241.86617361111112,1538,296,11773
2008-12-20,2242.502,160.69,242.56599722029188,1132,6479,12819
2008-12-21,2643.61,135.072,241.72008333333332,1099,9189,14816
2008-12-22,2015.808,124.87,241.86449305555556,2157,391,10433
2008-12-23,1798.088,151.08,241.7705486111111,2666,2115,8326
2008-12-24,1269.638,115.318,243.960625,0,364,9981
2008-12-25,1061.118,116.882,243.2330625,0,285,3598
2008-12-26,1223.732,124.222,244.35365972222223,1121,279,7796
2008-12-27,2972.164,118.132,243.31189583333332,0,244,12209
2008-12-28,1570.642,112.248,244.56038194444446,1953,217,5291
2008-12-29,555.278,91.638,244.95475694444445,0,218,2480
2008-12-30,1195.238,113.206,244.63816666666668,0,245,7145
2008-12-31,1964.188,129.272,243.29661805555557,2975,246,11860
2009-01-01,1406.692,112.668,242.8360625,765,3845,2803
2009-01-02,2327.51,204.73,242.7048888888889,2417,6018,11841
2009-01-03,1913.496,174.912,243.68145833333332,6440,328,10439
2009-01-04,1939.994,167.338,244.82243055555554,1457,5251,3245
2009-01-05,1604,128.938,244.83077777777777,1247,322,8650
2009-01-06,1689.862,115.556,245.09266666666667,0,254,12462
2009-01-07,2080.272,141.504,246.04063888888888,2687,3820,9979
2009-01-08,1633.27,124.374,245.3507361111111,2773,299,10075
2009-01-09,1788.702,115.572,244.62240972222222,1802,272,9285
2009-01-10,2102.948,161.734,244.12048611111112,2828,4288,12539
2009-01-11,1975.988,143.24,245.5315486111111,4521,5301,5887
2009-01-12,1589.278,112.428,245.52706944444444,0,261,12147
2009-01-13,2182.6,134.142,244.45834027777778,1140,329,16194
2009-01-14,1776.282,120.66,244.60943710910354,2277,332,10301
2009-01-15,1564.068,115.546,243.02127777777778,2731,390,9561
2009-01-16,2766.554,179.92,242.56897222222221,5811,3158,15220
2009-01-17,3317.82,164.544,241.63154166666666,2477,3154,15322
2009-01-18,3154.194,209.84,242.64408333333333,5649,6701,12727
2009-01-19,1699.866,119.274,243.1261736111111,1118,376,10279
2009-01-20,1738.028,133.88,243.39985416666667,0,282,13727
2009-01-21,1739.434,128.044,244.1051875,1148,2159,9830
2009-01-22,1237.356,115.6,244.00635416666665,0,341,8246
2009-01-23,1910.536,126.298,242.7689513888889,2078,295,12146
2009-01-24,2200.77,169.974,243.25075694444445,5096,4492,8322
2009-01-25,2843.664,147.766,242.54399305555555,3971,5960,11213
2009-01-26,1674.472,113.276,243.20027083333332,1121,348,9821
2009-01-27,1425.03,135.636,243.93760416666666,896,278,6608
2009-01-28,2721.734,116.02,243.03222222222223,2301,6949,14285
2009-01-29,1573.698,104.306,243.36284722222223,0,294,8996
2009-01-30,2059.038,120.094,244.28983333333332,1622,280,12147
2009-01-31,3312.852,238.712,242.47138194444443,8278,6575,15309
2009-02-01,1807.46,149.582,244.76485734664766,3330,622,7494
2009-02-02,1603.3,106.588,244.8748263888889,1159,232,10915
2009-02-03,1868.39,123.01,244.30272222222223,703,878,14984
2009-02-04,2460.924,151.604,244.68669444444444,871,6961,15960
2009-02-05,1649.088,122.188,243.8550625,1104,264,12987
2009-02-06,2048.396,126.872,243.28893055555557,1165,273,11716
2009-02-07,3131.536,184.644,242.0509236111111,6822,4483,17873
2009-02-08,2182.866,134.02,243.35456944444445,5341,259,15174
2009-02-09,1706.638,134.608,243.3219861111111,1063,228,9375
2009-02-10,1943.8220000000001,115.832,243.15777083333333,1128,263,12339
2009-02-11,2639.39,239.362,242.0975625,2985,10477,12195
2009-02-12,1968.66,119.284,242.91152777777776,1109,299,17724
2009-02-13,1690.022,109.186,241.69333333333333,1100,254,11554
2009-02-14,2332.594,118.768,241.95406815020863,2280,3256,18509
2009-02-15,1586.032,114.022,242.8439375,2465,226,5234
2009-02-16,1318.994,111.806,242.14300694444444,0,261,7037
2009-02-17,781.698,112.69,242.261843220339,0,266,3925
2009-02-18,826.45,113.06400000000001,242.23109722222222,0,297,5471
2009-02-19,737.268,99.378,241.54959027777778,1046,262,1796
2009-02-20,1880.736,147.036,240.19070833333333,2897,293,8768
2009-02-21,1316.184,155.40200000000002,240.9543402777778,2111,262,3983
2009-02-22,2238.478,175.828,241.31630555555554,3816,8576,7133
2009-02-23,2733.656,129.8,241.24088194444445,1212,3744,12471
2009-02-24,1783.144,123.346,240.88792361111112,0,1602,14512
2009-02-25,1169.844,113.07,241.2019652777778,1092,274,7359
2009-02-26,1156.852,112.6,240.73236805555555,0,268,6841
2009-02-27,2028.918,202.116,240.9656875,1154,246,14831
2009-02-28,1630.75,212.588,242.3972777777778,1145,5358,8006
2009-03-01,2467.626,189.112,242.13927727588603,11178,2740,8834
2009-03-02,1477.442,135.364,242.24184722222222,1560,310,6684
2009-03-03,1848.952,127.904,242.89735416666667,1159,268,13024
2009-03-04,1842.13,129.434,242.3844861111111,2214,2570,8393
2009-03-05,1441.812,112.462,241.67960416666668,0,271,9094
2009-03-06,1783.474,128.956,240.7933125,1144,265,12056
2009-03-07,1696.466,149.866,242.47164583333333,1055,811,12113
2009-03-08,2357.166,194.186,242.15979166666668,7253,5260,12691
2009-03-09,1685.556,136.04,242.48230555555557,2001,369,10336
2009-03-10,1836.21,114.902,241.8284375,0,281,11610
2009-03-11,2405.904,137.244,241.8211736111111,3476,7288,10737
2009-03-12,1887.26,134.772,241.99842361111112,0,364,13655
2009-03-13,1445.52,138.684,242.75730555555555,1082,311,10466
2009-03-14,2149.028,155.25,242.17880555555556,2196,280,18036
2009-03-15,1942.062,177.752,241.7711111111111,3478,5152,8353
2009-03-16,1334.732,119.258,242.41189020152885,0,306,9273
2009-03-17,1931.91,234.992,241.95642361111112,1110,3952,12320
2009-03-18,1450.68,121.906,242.84061805555555,1123,375,12101
2009-03-19,1191.532,116.412,242.77627777777778,0,314,9458
2009-03-20,1463.906,130.038,242.9164861111111,1083,308,10618
2009-03-21,1930.022,197.656,242.58272222222223,5420,682,10266
2009-03-22,1689.17,130.28,241.5276111111111,2017,3778,9015
2009-03-23,1296.45,120.122,242.05365277777778,1078,310,5999
2009-03-24,1661.712,146.836,242.48409722222223,1710,352,10149
2009-03-25,1838.7740000000001,194.036,243.1130625,2780,3315,10287
2009-03-26,1211.004,119.75,242.93575694444445,0,312,8596
2009-03-27,1713.926,181.074,242.62864583333334,1103,526,9947
2009-03-28,2260.976,276.7,242.13561805555557,4527,327,12225
2009-03-29,2216.65,137.094,242.54856944444444,1611,4024,9502
2009-03-30,1477.452,131.324,242.72852083333333,1085,295,9901
2009-03-31,1823.482,137.988,242.16790277777778,2202,2711,12958
2009-04-01,1641.14,143.048,242.90603472222222,2807,2364,7309
2009-04-02,1644.334,124.762,242.2396388888889,1128,324,13500
2009-04-03,1363.26,132.598,241.8118888888889,0,326,8556
2009-04-04,2191.232,199.728,241.45065277777778,2699,4172,16251
2009-04-05,1375.716,183.012,242.31370833333332,3832,357,6503
2009-04-06,1452.634,131.54,242.30114583333332,799,333,10141
2009-04-07,1440.092,152.732,241.98941666666667,1103,338,9121
2009-04-08,1534.6,161.35,242.25972916666666,2131,2827,7968
2009-04-09,1890.472,176.936,242.2968263888889,2682,366,13482
2009-04-10,1842.114,165.792,242.0344861111111,2057,2822,13828
2009-04-11,2462.446,253.666,240.96925694444445,3661,4286,18233
2009-04-12,2141.012,281.67,240.40329861111113,7498,1504,12470
2009-04-13,1598.624,199.44,241.1314464534075,1006,5648,6209
2009-04-14,1501.538,188.58,241.4923263888889,888,2341,9478
2009-04-15,1216.062,190.886,241.32070833333333,1880,463,5278
2009-04-16,1564.524,179.016,240.47604166666667,2896,397,9809
2009-04-17,2042.81,171.198,241.32772916666667,0,5224,7655
2009-04-18,1512.266,146.958,241.04625,1028,2613,10699
2009-04-19,1286.468,153.604,242.6585347222222,2201,376,8088
2009-04-20,1486.51,169.502,241.90455555555556,0,2644,10476
2009-04-21,1894.598,182.732,240.64846527777777,1925,375,7380
2009-04-22,1496.198,203.908,241.27485416666667,1024,1203,13265
2009-04-23,1141.46,175.454,241.4946388888889,1068,395,5511
2009-04-24,1194.048,180.82,241.79008333333334,0,383,9677
2009-04-25,2022.284,235.592,240.50833333333333,2007,3901,13225
2009-04-26,1781.626,229.618,241.86492361111112,3053,3017,10561
2009-04-27,1351.628,160.408,241.00122916666666,995,376,7021
2009-04-28,1706.386,160.366,241.990125,2068,371,11469
2009-04-29,1664.68,141.616,242.18654166666667,1043,2492,9372
2009-04-30,1834.762,138.056,241.90433333333334,1027,363,15305
2009-05-01,1512.802,190.462,241.27309027777778,1067,1052,11709
2009-05-02,1393.91,179.62,241.8829027777778,1430,374,9760
2009-05-03,1608.878,179.698,242.06633333333335,3207,2593,7226
2009-05-04,1667.882,146.056,241.43522916666666,1007,411,11374
2009-05-05,1731.474,141.914,240.81849305555556,1049,5539,10166
2009-05-06,1349.902,146.37800000000001,240.8967152777778,1038,1797,9058
2009-05-07,1012.648,135.008,241.1735138888889,0,374,7992
2009-05-08,1857.156,154.882,240.8248125,2226,848,15426
2009-05-09,1261.352,182.984,241.57422916666667,2090,382,6605
2009-05-10,1966.552,204.898,241.0718763029882,4300,6670,8692
2009-05-11,1517.176,158.44,240.25132638888888,1035,457,11009
2009-05-12,1625.956,150.022,240.3767777777778,0,2713,11335
2009-05-13,1246.398,171.566,240.63597916666666,1419,553,7127
2009-05-14,1606.984,151.91,240.05952083333332,0,4065,11499
2009-05-15,1422.226,140.546,240.95720138888888,1382,494,12195
2009-05-16,2007.378,186.502,239.98875694444445,1705,4820,12265
2009-05-17,1543.764,226.46,240.30072916666666,2555,1926,7168
2009-05-18,1209.906,154.56,240.95867361111112,763,374,8971
2009-05-19,1617.344,188.884,240.9929375,3253,792,10981
2009-05-20,1307.162,182.382,241.31970833333332,1061,1889,9470
2009-05-21,1575.15,212.396,241.01910416666666,1553,1278,12563
2009-05-22,1074.806,237.242,241.96653472222224,982,1207,8078
2009-05-23,1530.598,193.25,240.56841666666668,480,1844,12579
2009-05-24,1287.786,177.2,242.0179652777778,45,446,10256
2009-05-25,1354.096,183.162,238.4309027777778,920,966,9930
2009-05-26,1337.674,126.172,231.78053583855254,1191,860,10100
2009-05-27,1544.292,124.902,231.14297222222223,1052,2355,11076
2009-05-28,1179.736,128.786,233.70236111111112,1502,421,9049
2009-05-29,1242.846,147.15,241.5587013888889,1005,434,10112
2009-05-30,1659.106,233.688,241.1634097222222,2787,1707,11557
2009-05-31,956.89,200.616,241.45614583333332,1466,458,5720
2009-06-01,1443.26,229.876,241.334125,2789,461,11361
2009-06-02,1090.638,223.696,241.6302986111111,0,506,7892
2009-06-03,1356.578,200.926,240.40592361111112,940,1370,11577
2009-06-04,1035.66,164.662,240.0102013888889,1906,455,6905
2009-06-05,1230.36,156.95,239.86320833333335,0,456,12515
2009-06-06,1475.45,233.496,240.5818402777778,1769,2732,10611
2009-06-07,1207.392,218.93,241.0185625,2077,1641,6034
2009-06-08,1178.776,129.36,240.06472916666667,1024,432,8551
2009-06-09,1332.85,154.396,240.9235138888889,1000,414,10695
2009-06-10,1602.996,159.208,240.71608333333333,1032,4745,9889
2009-06-11,1300.65,159.932,241.17605555555556,0,472,10610
2009-06-12,1101.732,152.704,240.93734027777776,1009,460,7137
2009-06-13,14.218,3.918,243.85266666666666,0,5,79
2009-06-14,0,0,NaN,0,0,0
2009-06-15,771.908,153.828,240.68143147208121,916,348,5662
2009-06-16,1508.792,212.188,240.83118055555556,2983,1221,13691
2009-06-17,988.016,192.86,241.29550694444444,975,611,7193
2009-06-18,1165.7,165.954,241.2962222222222,0,461,11223
2009-06-19,1086.866,164.26,241.31758333333335,969,475,7737
2009-06-20,1107.1,179.056,241.48458333333335,0,2657,9159
2009-06-21,855.142,161.526,241.28675694444445,1039,412,6002
2009-06-22,1094.098,162.124,241.20229166666667,0,449,11148
2009-06-23,1039.214,163.872,241.2132638888889,1010,1261,8186
2009-06-24,1534.874,194.322,240.53718055555555,3059,1239,14275
2009-06-25,771.362,183.966,241.17795138888889,0,495,6224
2009-06-26,1277.322,238.86599999999999,240.54077083333334,1826,538,9952
2009-06-27,1709.052,271.624,241.81414583333333,2663,2432,13468
2009-06-28,1059.394,277.824,241.83843055555556,0,1421,6742
2009-06-29,1010.134,236.026,241.8938263888889,1794,598,6462
2009-06-30,1192.446,283.15,241.94360416666666,582,1034,8989
2009-07-01,1218.342,265.742,241.8092986111111,989,590,9747
2009-07-02,1242.578,276.318,241.96674305555555,637,603,8032
2009-07-03,864.148,245.996,241.92334722222222,856,642,7371
2009-07-04,1238.568,373.902,241.14746527777777,2084,2329,6791
2009-07-05,1410.736,383.148,241.4445763888889,3215,1438,8014
2009-07-06,954.26,270.972,241.76347222222222,429,755,7142
2009-07-07,1110.136,256.638,241.64100694444446,1292,3619,5704
2009-07-08,1234.4,221.196,241.60375,0,3514,9308
2009-07-09,846.252,194.65200000000002,242.591125,0,656,4783
2009-07-10,1187.118,217.23,242.2466643454039,988,2624,7492
2009-07-11,993.968,249.472,242.21479166666666,981,683,7756
2009-07-12,513.478,191.48,242.3049375,0,589,4060
2009-07-13,496.746,196.526,242.5475138888889,0,594,3881
2009-07-14,911.43,266.574,242.20538888888888,2303,618,6155
2009-07-15,718.074,189.692,241.92689583333333,878,932,5820
2009-07-16,599.554,259.326,242.11697916666665,0,1724,3902
2009-07-17,731.808,179.13400000000001,241.59461805555554,0,626,6670
2009-07-18,966.41,218.338,242.00627777777777,0,663,5389
2009-07-19,1203.644,259.25,242.04660416666667,0,598,5058
2009-07-20,662.486,217.864,241.84186111111111,914,784,4948
2009-07-21,813.762,266.7,242.522875,0,981,7795
2009-07-22,739.532,238.48,242.07941666666667,0,681,3965
2009-07-23,1030,218.91,241.94331944444446,926,622,9064
2009-07-24,561.738,208.536,241.7508263888889,0,630,4128
2009-07-25,536.688,195.46,242.09706944444446,0,577,3716
2009-07-26,543.016,239.798,242.65740277777778,0,1019,3799
2009-07-27,688.566,321.95,242.52809027777778,0,2062,5202
2009-07-28,902.85,252.766,242.22140972222223,0,4899,4353
2009-07-29,902,185.468,241.50047222222221,869,749,7549
2009-07-30,792.326,198.206,242.4390138888889,0,2304,4040
2009-07-31,975.83,228.246,241.8710625,865,3423,6302
2009-08-01,706.966,242.662,241.50300694444445,0,844,6248
2009-08-02,489.724,205.492,240.9415972222222,0,637,3539
2009-08-03,500.298,197.3,241.92006944444444,0,605,3811
2009-08-04,508.892,196.38,242.2764861111111,0,607,3871
2009-08-05,518.652,207.894,242.3075763888889,0,620,4042
2009-08-06,532.672,214.786,241.22875,0,659,4193
2009-08-07,539.296,221.29,241.35779861111112,0,668,4232
2009-08-08,526.472,214.068,241.72709722222223,0,646,4093
2009-08-09,998.234,284.326,242.04941666666667,1984,2380,5154
2009-08-10,1069.358,298.248,241.0285,0,3719,6012
2009-08-11,950.954,307.45,241.84149305555556,857,1467,6577
2009-08-12,824.436,272.552,241.8082777777778,912,689,4991
2009-08-13,606.842,113.586,240.94590163934427,1215,3702,1709
2009-08-14,748.676,241.328,241.17957638888888,429,850,4647
2009-08-15,1514.062,384.762,240.89634722222223,3437,1852,8922
2009-08-16,1217.712,409.052,240.52084722222222,1604,1094,5691
2009-08-17,785.908,251.462,241.22044444444444,1,813,6261
2009-08-18,1080.598,246.724,240.8264861111111,2306,1440,6324
2009-08-19,880.742,262.99399999999997,241.54156944444443,896,812,6044
2009-08-20,775.722,260.89,241.08561805555556,0,883,6138
2009-08-21,1161.746,262.362,240.61175694444444,3043,887,7527
2009-08-22,1548.738,417.834,241.1232361111111,4544,3203,8549
2009-08-23,1066.708,371.828,241.55547222222222,949,819,6994
2009-08-24,1252.254,285.104,241.06553472222222,2279,737,8247
2009-08-25,943.61,276.826,241.50986111111112,1140,755,6291
2009-08-26,1136.546,269.214,241.77745833333333,2131,1516,7860
2009-08-27,749.466,251.206,241.638125,0,664,4283
2009-08-28,1118.842,246.89000000000001,240.8744375,1778,1125,7485
2009-08-29,1388.414,315.52,240.9753263888889,905,1483,11707
2009-08-30,1668.342,294.084,241.08125694444445,2653,1363,10648
2009-08-31,1265.522,219.318,238.74290277777777,960,678,9974
2009-09-01,980.536,217.072,241.22110416666666,0,697,6073
2009-09-02,1222.814,207.858,241.81777083333333,947,659,9921
2009-09-03,1251.188,213.438,241.33006944444443,3319,3099,5011
2009-09-04,1024.388,181.064,242.012875,0,636,8095
2009-09-05,1513.866,270.068,240.86027777777778,2988,2248,10433
2009-09-06,1228.63,220.532,241.86031944444446,995,588,9031
2009-09-07,1221.458,201.492,241.71161805555556,2196,577,8299
2009-09-08,1086.254,200.204,241.35160416666668,1002,577,8533
2009-09-09,1521.344,223.572,241.30850694444445,964,3832,10671
2009-09-10,1112.354,202.392,241.2289513888889,928,600,6508
2009-09-11,1214.146,183.37800000000001,241.14999305555557,0,631,11693
2009-09-12,2064.358,325.196,240.7070486111111,9583,1202,12601
2009-09-13,1570.302,271.192,240.24999305072967,4146,612,10170
2009-09-14,1574.858,239.666,241.47695833333333,2843,603,9091
2009-09-15,1456.806,184.276,240.99238194444445,1769,560,8644
2009-09-16,1743.162,197.746,240.23129166666666,1035,3470,13384
2009-09-17,1223.426,167.282,241.36065277777777,0,563,9710
2009-09-18,1374.032,169.212,241.0992013888889,1993,652,9151
2009-09-19,2135.71,263.492,240.3540138888889,1607,4050,14845
2009-09-20,2035.328,295.694,241.29544444444446,4532,2466,11935
2009-09-21,1417.868,214.166,241.2526875,921,604,10844
2009-09-22,1246.536,207.256,241.1820277777778,937,597,8502
2009-09-23,1636.61,235.964,240.74660416666666,2085,978,12884
2009-09-24,1426.258,224.076,240.38723611111112,1051,621,10374
2009-09-25,1161.016,207.89600000000002,241.42292361111112,0,594,9694
2009-09-26,1556.254,288.042,241.17850694444445,1943,571,14581
2009-09-27,1410.472,230.484,241.22180555555556,1817,4571,8554
2009-09-28,1299.456,193.198,241.72634027777778,0,603,10797
2009-09-29,1146.398,199.87800000000001,240.8973472222222,1031,603,7322
2009-09-30,1772.736,212.276,240.75700278164118,970,8080,9196
2009-10-01,1287.252,185.416,241.52952083333332,950,602,9433
2009-10-02,1152.668,183.156,240.75888194444445,0,570,10142
2009-10-03,1716.74,255.39600000000002,240.63635416666668,3644,920,14480
2009-10-04,1621.106,225.21,240.6988611111111,3189,3499,8980
2009-10-05,1275.522,161.54,241.22052083333332,984,542,7983
2009-10-06,1428.448,179.276,241.18004861111112,1,543,8806
2009-10-07,1821.834,207.422,241.21195833333334,734,4334,9908
2009-10-08,1577.166,186.614,241.06977777777777,2091,619,11568
2009-10-09,1351.862,188.418,240.81015277777777,0,559,10718
2009-10-10,2012.756,255.622,239.76139583333332,4510,570,14811
2009-10-11,1938.284,268.614,240.64904794996525,4111,6454,8648
2009-10-12,1351.604,157.714,240.22382638888888,997,515,9420
2009-10-13,1449.1,165.392,240.24728472222222,983,530,9530
2009-10-14,1711.224,175.09,239.75946527777776,2001,3131,10013
2009-10-15,1489.9759999999999,139.632,241.12213194444445,1629,463,9641
2009-10-16,1516.86,145.38400000000001,240.246,0,482,11136
2009-10-17,2742.08,261.152,238.8905625,5490,4364,18326
2009-10-18,1556.164,142.644,240.75084027777777,712,499,11144
2009-10-19,1369.108,134.358,242.26024305555555,1104,457,8227
2009-10-20,1722.808,151.558,242.52750694444444,760,450,11005
2009-10-21,1969.506,192.17,242.3070138888889,2031,5916,8569
2009-10-22,1399.71,155.85,242.41395833333334,0,492,11074
2009-10-23,1757.45,196.704,241.09628472222224,3180,495,11696
2009-10-24,2614.408,218.464,239.8931875,6202,518,15941
2009-10-25,2406.536,243.182,239.9255486111111,3010,6181,13691
2009-10-26,1112.344,160.216,241.53043055555557,475,468,5788
2009-10-27,1116.756,173.798,241.2427638888889,579,449,8367
2009-10-28,1268.708,164.972,241.4081527777778,1044,463,9318
2009-10-29,1981.44,251.842,240.3468611111111,765,4125,5677
2009-10-30,1493.358,168.534,241.48033333333333,1779,2005,8828
2009-10-31,1875.942,171.058,240.5190625,1773,2514,14637
2009-11-01,1843.168,221.902,240.92416666666668,1970,470,12215
2009-11-02,1504.2259999999999,170.082,241.28460416666667,1881,471,7490
2009-11-03,2266.688,241.762,241.14193055555555,2009,3951,9025
2009-11-04,1801.8,172.428,242.07813194444444,1075,4008,12246
2009-11-05,1560.466,159.064,241.6652777777778,1105,532,9868
2009-11-06,1390.45,169.354,242.56815972222222,0,442,11326
2009-11-07,1557.176,197.68,241.87858333333332,2187,408,10014
2009-11-08,2508.002,226.688,243.25039583333333,4941,2075,14871
2009-11-09,1404.752,177.874,243.5773592772759,1125,430,7621
2009-11-10,1606.184,167.302,242.50097916666667,1118,432,11788
2009-11-11,2040.48,223.068,242.37135416666666,2338,5105,11214
2009-11-12,1463.066,153.198,242.2066736111111,1486,429,9403
2009-11-13,1532.926,156.932,241.23570833333332,1856,407,9178
2009-11-14,2560.456,245.848,240.22240277777777,4169,2411,18868
2009-11-15,1967.308,211.148,240.32536805555554,991,5278,9446
2009-11-16,1514.468,157.194,241.884875,2021,545,9354
2009-11-17,1708.294,167.628,242.66059722222224,0,453,11616
2009-11-18,2639.174,203.88,241.29666666666665,6012,7655,13787
2009-11-19,1474.848,149.054,242.97506944444444,0,481,10936
2009-11-20,1961.016,146.026,241.58236805555555,843,407,12816
2009-11-21,2496.856,211.304,240.62086805555555,5694,1997,12553
2009-11-22,2450.976,222.638,241.0777013888889,6774,411,16097
2009-11-23,1471.122,148.338,242.7427152777778,0,402,8230
2009-11-24,2128.856,153.82,241.9765277777778,2491,4579,9086
2009-11-25,1980.13,175.476,241.17878472222222,745,5083,10596
2009-11-26,1599.626,141.542,242.64346527777778,2262,407,10069
2009-11-27,1380.026,133.052,241.85881944444444,0,396,11599
2009-11-28,1858.95,225.218,241.59645138888888,3199,386,14350
2009-11-29,1650.962,191.056,243.30872222222223,1073,3061,7828
2009-11-30,1745.19,153.382,243.76430555555555,1080,361,12039
2009-12-01,1756.378,141.874,242.63315277777778,0,354,10821
2009-12-02,2345.668,170.23,241.6693125,1143,7052,12851
2009-12-03,1479.688,145.222,243.28409722222221,1039,402,9906
2009-12-04,1711.294,183.222,243.3857013888889,1158,352,9134
2009-12-05,2351.762,274.112,241.29875694444445,3822,351,13324
2009-12-06,2378.288,291.892,241.26927083333334,2850,4175,12420
2009-12-07,1742.638,165.088,242.54359722222222,1132,358,10291
2009-12-08,2006.884,179.192,243.73107638888888,1108,350,15376
2009-12-09,1802.356,187.594,242.40731944444445,2054,3355,7971
2009-12-10,2054.286,223.124,241.78199582753825,2823,349,15399
2009-12-11,1784.462,219.624,244.29111805555556,1546,385,11251
2009-12-12,1816.38,248.73,244.93895138888888,1087,4120,8198
2009-12-13,2138.814,222.19,244.49759722222223,3984,417,13178
2009-12-14,1794.862,151.982,246.1488125,1090,2280,10742
2009-12-15,1940.116,162.344,246.04318055555555,1111,392,14084
2009-12-16,1394.874,154.43,247.21586805555555,1143,2943,8104
2009-12-17,1717.182,148.97,246.89413194444444,0,308,14395
2009-12-18,1744.706,160.418,246.59485416666666,1195,304,11466
2009-12-19,2204.334,137.608,245.93454166666666,1165,2662,13681
2009-12-20,1144.166,122.1,247.43500694444444,1237,313,7795
2009-12-21,2034.966,171.948,246.40921527777778,3293,282,11473
2009-12-22,1888.022,153.362,245.7384375,0,285,15829
2009-12-23,1455.2,135.416,246.87896527777778,1143,284,11205
2009-12-24,2905.894,203.66,245.83511805555557,5184,5575,15198
2009-12-25,2127.648,192.384,243.5882986111111,3371,3895,14288
2009-12-26,2183.618,160.88400000000001,242.46571527777778,1186,4294,16047
2009-12-27,2195.4519999999998,207.16400000000002,242.66604166666667,4218,318,12450
2009-12-28,2094.098,181.668,243.7776111111111,2175,2063,14934
2009-12-29,2047.968,242.05,243.1830138888889,1260,346,10205
2009-12-30,2451.11,266.794,241.05222916666668,5284,4539,12484
2009-12-31,2211.892,186.612,240.95881944444446,0,387,19409
2010-01-01,1224.252,165.336,242.56572222222223,2304,327,3558
2010-01-02,1308.836,199.416,244.6771785962474,801,298,6424
2010-01-03,2083.454,191.61,243.7445277777778,3842,4920,10074
2010-01-04,1604.132,156.404,245.69911805555554,0,292,10812
2010-01-05,2219.78,148.936,244.52103472222223,1785,293,16468
2010-01-06,1777.18,152.08,245.2348125,1731,3256,11359
2010-01-07,1769.442,115.024,244.9085625,1198,255,12936
2010-01-08,1797.208,159.78,244.4048125,0,994,12531
2010-01-09,2336.9,199.4,243.8697361111111,2781,4855,14734
2010-01-10,2508.466,227.17000000000002,243.84061805555555,3564,2032,14108
2010-01-11,1518.684,156.206,246.0691111111111,1251,340,10279
2010-01-12,1282.538,132.324,244.25122060470324,552,3489,9569
2010-01-13,0,0,NaN,0,0,0
2010-01-14,618.488,70.262,243.58436241610738,1890,84,1893
2010-01-15,2196.76,218.29,243.72576388888888,1957,2952,13546
2010-01-16,2150.112,242.518,243.0452361111111,2605,2415,13652
2010-01-17,1906.556,188.986,242.54300694444444,1992,298,15044
2010-01-18,1881.098,191.772,243.63636805555555,617,295,12981
2010-01-19,2433.508,161.754,243.02311111111112,2044,653,19311
2010-01-20,2351.728,199.86,242.7604375,2317,3341,14563
2010-01-21,2137.8559999999998,185.42,242.95125,894,449,16451
2010-01-22,1790.626,156.858,241.8501736111111,699,352,14512
2010-01-23,2608.51,260.356,240.82836692147325,3154,4086,16021
2010-01-24,2269.42,175.238,241.74617361111112,3496,2760,11046
2010-01-25,1930.51,147.674,242.8986111111111,1368,455,16136
2010-01-26,2067.564,130.93,243.33947916666668,526,395,16243
2010-01-27,2760.902,148.762,241.98610416666668,2044,6403,18154
2010-01-28,2110.234,158.52,243.24903472222223,2032,504,14987
2010-01-29,2092.99,147.674,243.63280555555556,1488,851,18061
2010-01-30,2842.728,235.996,242.07939583333334,3240,7544,17891
2010-01-31,1799.196,171.516,243.4026388888889,1715,1380,12569
2010-02-01,1693.778,124.784,243.63174305555555,1111,367,14623
2010-02-02,2157.432,131.168,243.33281944444445,0,382,21536
2010-02-03,2903.014,183.692,242.3880763888889,2234,8423,21130
2010-02-04,2316.27,141.848,242.10079166666668,1074,532,23743
2010-02-05,2098.892,142.978,241.9412638888889,902,474,18008
2010-02-06,2712.986,296.614,241.09206944444443,4324,2209,17857
2010-02-07,1625.708,162.466,242.6844722222222,2736,3837,5546
2010-02-08,2582.238,139.75,241.99677777777777,1161,431,19764
2010-02-09,2420.932,139.712,243.15036805555556,1214,410,19769
2010-02-10,1944.542,141.622,242.45006254343295,1219,2976,12214
2010-02-11,1369.768,124.15,244.51238194444446,0,330,9916
2010-02-12,1892.998,132.282,243.62629166666667,1241,312,15211
2010-02-13,2351.556,144.794,242.88909027777777,1838,5292,18710
2010-02-14,1686.698,124.61,243.14353022932593,1223,318,13190
2010-02-15,2097.132,131.27,243.44677777777778,3468,332,16065
2010-02-16,1797.756,119.606,243.7537638888889,1945,317,12820
2010-02-17,2054.56,119.56,242.34681944444444,2294,6636,10101
2010-02-18,1761.156,140,243.58819444444444,965,385,14884
2010-02-19,1953.572,135.15,241.7074027777778,2124,397,14543
2010-02-20,1983.728,151.248,241.78896527777778,3748,382,14470
2010-02-21,2740.314,167.458,240.625375,5905,8142,17083
2010-02-22,1474.036,160.624,240.57949305555556,1393,2167,10159
2010-02-23,1461.28,168.058,241.98468055555554,0,3001,8806
2010-02-24,1914.278,150.12800000000001,241.4657986111111,2260,1682,14315
2010-02-25,1880.204,130.87800000000001,240.98316666666668,0,474,15120
2010-02-26,2120.156,139.31,240.42563194444443,1146,2454,14821
2010-02-27,1765.056,152.39000000000001,241.54445833333332,3743,441,14358
2010-02-28,711.666,134.068,242.56746527777779,0,487,2952
2010-03-01,1298.728,130.076,241.8227777777778,1785,471,7115
2010-03-02,766.9060000000001,136.396,241.75205555555556,0,424,3605
2010-03-03,935.834,120.934,241.2114375,0,425,7221
2010-03-04,682.88,125.954,242.99229166666666,0,436,2928
2010-03-05,1133.726,135.416,243.4863125,1108,351,5918
2010-03-06,794.712,139.558,243.03125694444444,0,419,3970
2010-03-07,1372.472,133.948,243.55174305555556,0,4674,3679
2010-03-08,2557.098,252.338,243.77458333333334,4214,7645,15971
2010-03-09,1760.112,168.078,243.5275,846,397,10893
2010-03-10,1822.632,130.298,243.56579166666666,1167,375,14916
2010-03-11,1951.09,152.388,242.68144444444445,2071,320,15706
2010-03-12,1645.424,148.71,243.01353472222223,1691,411,14076
2010-03-13,2383.0099999999998,265.362,241.9969375,2848,5534,17973
2010-03-14,1566.714,200.632,241.9863125,3464,918,7101
2010-03-15,1791.85,164.312,242.29575,778,436,15053
2010-03-16,1542.65,167.736,241.54007638888888,0,457,10083
2010-03-17,2009.1299999999999,185.748,241.64133333333334,1136,5851,13105
2010-03-18,1562.682,166.214,241.50226388888888,1147,570,10845
2010-03-19,1663.384,189.478,241.42446527777778,0,596,12591
2010-03-20,131.732,23.228,242.4692672413793,0,25,969
2010-03-21,917.282,86.87,240.42360708534622,1670,2807,3680
2010-03-22,1618.59,171.556,241.35879166666666,1142,557,13859
2010-03-23,1822.162,186.63400000000001,241.1662986111111,2892,1153,13107
2010-03-24,1994.752,209.558,240.72467361111111,1075,5832,12817
2010-03-25,1679.884,186.758,242.26515277777779,0,611,13797
2010-03-26,1651.284,205.882,241.50402777777776,1078,682,12547
2010-03-27,1847.97,195.092,240.41256944444444,1067,3080,12483
2010-03-28,1798.214,260.428,241.37355555555555,1083,7895,7118
2010-03-29,1622.738,207.082,241.52158333333333,0,636,15420
2010-03-30,1906.454,280.718,241.08461805555555,1760,571,13765
2010-03-31,1923.802,201.578,240.1941736111111,1067,6313,12041
2010-04-01,1687.44,144.464,241.75415972222223,1780,517,14393
2010-04-02,1648.622,152.906,242.77352083333332,0,483,13074
2010-04-03,1805.278,206.65,243.24993055555555,1778,648,17694
2010-04-04,1690.388,238.976,241.74743055555555,1097,831,12687
2010-04-05,1118.82,165.42,243.65514583333334,1755,1436,5503
2010-04-06,1825.852,170.614,242.74411111111112,1154,613,12476
2010-04-07,1596.982,184.526,241.83122916666667,1077,3440,11362
2010-04-08,1649.22,165.142,241.99483333333333,145,669,13322
2010-04-09,1233.35,162.482,242.58288194444444,1088,566,10595
2010-04-10,1190.208,179.52,241.28286111111112,1044,960,8933
2010-04-11,1602.81,175.008,241.4922724113968,5499,554,8850
2010-04-12,1439.426,157.73,242.00644444444444,660,611,11949
2010-04-13,1512.704,171.14,241.735125,1097,646,13033
2010-04-14,1660.364,179.198,241.3756111111111,1132,5871,9194
2010-04-15,1872.178,167.336,240.8521875,2526,658,15667
2010-04-16,1562.062,170.38,241.99183333333335,2837,592,12623
2010-04-17,1557.712,149.862,241.30517361111112,553,3124,12571
2010-04-18,1476.106,148.232,240.68122916666667,1104,618,12550
2010-04-19,1708.594,166.404,241.25981944444445,1230,4255,13474
2010-04-20,1833.628,175.902,240.77725,1388,719,16668
2010-04-21,1579.914,158.406,241.93004166666665,0,635,12902
2010-04-22,1460.904,186.65,240.74602083333335,1062,653,12492
2010-04-23,1180.536,177.164,241.61291666666668,0,623,10981
2010-04-24,1518.418,306.838,241.51611805555555,4445,1483,8223
2010-04-25,1542.742,238.99,240.66157638888888,0,2350,7595
2010-04-26,1082.716,166.42,241.23138194444445,1038,460,7635
2010-04-27,1250.94,162.28,242.07596527777778,0,545,8539
2010-04-28,867.858,182.684,242.5198263888889,0,578,6035
2010-04-29,1103.724,173.714,242.2791736111111,12,679,8102
2010-04-30,1118.628,208.394,241.8176736111111,2695,659,6969
2010-05-01,1320.158,192.524,240.64716666666666,1984,4885,6751
2010-05-02,2187.91,233.98,240.38825,1858,7966,14454
2010-05-03,1411.302,153.192,237.18724305555557,980,534,11825
2010-05-04,1516.96,154.24,236.03702777777778,0,1018,12007
2010-05-05,1805.308,129.2,236.10560416666667,2969,2194,12183
2010-05-06,1299.25,118.704,235.9891111111111,0,301,10280
2010-05-07,1644.004,145.164,237.49589583333332,1053,332,13602
2010-05-08,1533.422,173.222,241.89702083333333,3569,2435,10158
2010-05-09,1566.51,205.384,241.4013263888889,2888,2636,9945
2010-05-10,1467.892,144.298,240.99840972222222,0,403,12893
2010-05-11,1571.368,152.3,242.3830763888889,1156,345,11418
2010-05-12,2035.418,159.798,241.716625,1036,4434,16362
2010-05-13,1552.496,153.884,242.95948575399584,2123,1477,10527
2010-05-14,1722.146,159.884,242.06722916666666,1045,334,16764
2010-05-15,1944.772,232.944,242.10271527777778,3347,336,13670
2010-05-16,2100.426,164.382,240.97365277777777,3361,3922,11888
2010-05-17,1628.182,147.376,241.36027083333335,1014,367,15344
2010-05-18,1421.184,149.652,241.520875,0,370,11677
2010-05-19,1426.752,151.254,241.60104166666667,2122,659,9864
2010-05-20,1153.898,139.14,242.4507847222222,0,369,10101
2010-05-21,1294.396,167.694,241.7590486111111,1073,381,10113
2010-05-22,2095.772,212.698,239.55310416666666,2278,2441,17454
2010-05-23,1487.556,253.1,240.69034722222221,864,416,9541
2010-05-24,1341.332,228.04,241.03509722222222,1875,2467,7746
2010-05-25,1198.626,203.866,240.26304861111112,474,451,10439
2010-05-26,1387.884,241.61,239.54319444444445,914,4500,8530
2010-05-27,1323.342,195.836,239.92095138888888,932,443,10669
2010-05-28,1398.164,162.47,240.0395763888889,1020,413,11616
2010-05-29,2049.808,205.612,240.20170833333333,4057,400,16635
2010-05-30,1665.7,176.892,240.46701388888889,2405,2976,9708
2010-05-31,1340.462,145.874,240.69020833333335,1710,2171,10461
2010-06-01,1268.964,136.97,240.5402777777778,970,400,11858
2010-06-02,980.898,129.238,240.33645833333333,0,656,8454
2010-06-03,1394.186,164.036,240.24450694444445,2916,451,12304
2010-06-04,1420.554,185.244,240.27963888888888,1695,397,12517
2010-06-05,2009.644,293.99,241.10038194444445,10932,1253,12223
2010-06-06,1746.792,291.186,241.42161805555554,7609,574,11365
2010-06-07,1012.082,184.11,242.3310486111111,1821,488,6737
2010-06-08,1362.034,198.334,241.07685416666666,1513,821,11374
2010-06-09,1534.682,182.534,241.18673611111112,2774,4269,8255
2010-06-10,1215.19,173.226,241.69444444444446,0,474,10870
2010-06-11,1470.672,218.57,241.45329166666667,3439,468,11728
2010-06-12,1973.108,271.672,240.35382904794997,2705,3657,16184
2010-06-13,1674.356,253.716,241.20292361111112,4922,2516,9096
2010-06-14,1217.984,178.64,241.61683333333335,958,473,10336
2010-06-15,1223.966,179.096,240.9032986111111,0,488,10144
2010-06-16,1768.092,183.078,240.75138194444443,1875,4999,10336
2010-06-17,1028.018,168.268,240.42709027777778,0,488,8510
2010-06-18,1332.316,171.418,240.52340972222223,977,454,11977
2010-06-19,1416.22,210.808,241.7036388888889,2385,1803,9554
2010-06-20,1672.55,144.08,240.30783333333332,1021,4195,12337
2010-06-21,1660.89,169.68,240.95399305555554,3824,3525,11179
2010-06-22,1520.588,209.434,240.68492361111112,968,6176,9230
2010-06-23,1442.064,296.48199999999997,239.99858333333333,5740,1500,10188
2010-06-24,1095.78,230.782,240.8094861111111,973,883,8090
2010-06-25,1099.438,218.734,240.5305486111111,0,689,10466
2010-06-26,981.62,294.49,241.4948611111111,921,1221,7939
2010-06-27,1139.964,304.71,239.94747916666665,2665,764,7690
2010-06-28,1471.34,280.888,240.42901388888887,0,809,12516
2010-06-29,1367.296,322.716,240.33977762334956,1746,1978,8263
2010-06-30,1384.136,238.588,240.61095833333334,398,806,5214
2010-07-01,1349.002,288.452,239.31421527777778,877,921,7438
2010-07-02,1140.928,297.298,239.63011805555556,822,932,6337
2010-07-03,1120.074,314.906,241.33627777777778,0,968,6151
2010-07-04,1538.088,280.146,240.33446527777778,860,804,6597
2010-07-05,1113.99,233.846,241.1825625,841,837,6913
2010-07-06,1005.934,192.292,240.5297013888889,0,771,8451
2010-07-07,834.788,209.536,240.6574513888889,879,760,5762
2010-07-08,1212.652,246.894,240.304125,857,1350,8459
2010-07-09,1083.478,314.074,240.79250694444445,0,625,5356
2010-07-10,1154.504,281.282,240.06252083333334,907,1240,8921
2010-07-11,1193.5720000000001,302.624,239.7739513888889,848,594,7781
2010-07-12,1109.574,285.912,240.21864583333334,1724,646,6444
2010-07-13,1382.114,287.722,240.49479166666666,2273,2826,7894
2010-07-14,1409.472,248.48,240.34191666666666,1064,598,7575
2010-07-15,1633.162,192.324,240.36994440583737,1071,2179,8203
2010-07-16,820.056,196.728,241.1543472222222,0,568,3854
2010-07-17,806.352,181.35,241.18420833333334,0,541,6094
2010-07-18,812.038,169.93,241.4502013888889,0,498,3943
2010-07-19,801.158,192.498,241.84955555555555,0,549,6105
2010-07-20,855.824,218.46,241.6489861111111,9,550,5178
2010-07-21,1064.166,244.246,241.72080555555556,2030,585,6178
2010-07-22,1164.446,311.284,241.1897847222222,0,2151,5604
2010-07-23,1176.158,285.28,239.88291666666666,897,2106,8295
2010-07-24,921.668,285.854,240.29686805555556,0,2096,3892
2010-07-25,1130.41,258.166,240.27947916666668,0,3732,7549
2010-07-26,884.15,177.86,240.93763194444443,0,2246,4147
2010-07-27,952.36,174.73,239.63009722222222,907,523,4042
2010-07-28,862.654,182.866,240.30625694444444,801,544,7232
2010-07-29,549.104,177.266,240.3845347222222,0,537,4158
2010-07-30,551.26,172.854,240.04908333333333,0,534,4087
2010-07-31,554.616,181.73,239.68085416666668,0,548,4272
2010-08-01,555.664,184.49,239.80130555555556,0,558,4263
2010-08-02,549.482,183.244,240.89735416666667,0,536,4191
2010-08-03,615.212,177.11599999999999,241.50170138888888,0,527,4096
2010-08-04,543.356,179.432,241.39795138888888,0,532,4116
2010-08-05,533.476,173.68,241.8593888888889,0,517,4013
2010-08-06,524.746,164.584,240.95323611111112,0,507,3947
2010-08-07,527.476,168.026,241.3250486111111,0,520,3968
2010-08-08,528.46,168.092,240.7344652777778,0,526,3958
2010-08-09,535.064,171.492,241.06926388888888,0,515,4042
2010-08-10,544.758,181.808,241.95466666666667,0,525,4141
2010-08-11,542.002,176.064,240.54286805555554,0,542,4118
2010-08-12,529.698,169.098,240.79493055555557,0,514,3982
2010-08-13,534.294,165.538,240.99115972222222,0,508,4097
2010-08-14,554.27,160.51,241.165875,0,512,4471
2010-08-15,1055.986,206.77,241.686625,0,4361,5282
2010-08-16,1129.73,185.016,241.07695833333332,1530,463,7328
2010-08-17,978.202,138.356,240.99217115689382,940,741,5488
2010-08-18,0,0,NaN,0,0,0
2010-08-19,0,0,NaN,0,0,0
2010-08-20,0,0,NaN,0,0,0
2010-08-21,0,0,NaN,0,0,0
2010-08-22,93.338,24.648,242.66460526315788,0,54,300
2010-08-23,765.658,206.796,242.04542361111112,0,565,6106
2010-08-24,722.948,175.458,241.6081597222222,0,541,5712
2010-08-25,980.408,161.132,241.11630555555556,969,522,8959
2010-08-26,757.252,178.094,241.8138125,0,538,5078
2010-08-27,2030.65,304.318,240.85945833333332,930,7583,12707
2010-08-28,1442.856,237.504,242.5658611111111,2086,549,12983
2010-08-29,1668.48,191.694,241.00794444444443,3005,534,13095
2010-08-30,1494.802,180.656,241.37439583333332,940,1470,11790
2010-08-31,1365.106,168.46,241.1923888888889,2099,1723,7958
2010-09-01,1593.318,180.18,241.26284027777777,1947,1194,13990
2010-09-02,1392.492,170.312,240.94371527777778,929,500,11785
2010-09-03,1346.414,168.596,240.5336736111111,940,523,9747
2010-09-04,1743.84,218.024,241.10194444444446,2605,734,13241
2010-09-05,1323.018,187.01,242.14060416666666,1609,2732,7471
2010-09-06,1422.876,161.204,241.84175,3164,532,10174
2010-09-07,1451.854,167.962,241.2751597222222,1929,922,11829
2010-09-08,1303.812,171.182,240.98400694444445,1,495,7478
2010-09-09,1238.714,167.954,240.6032152777778,1813,2128,7016
2010-09-10,1328.108,200.052,241.8182013888889,966,654,10773
2010-09-11,1463.31,235.63,241.67075,930,1427,8996
2010-09-12,1612.092,201.358,241.6197222222222,1805,2080,8891
2010-09-13,1076.32,189.798,241.15527083333333,1301,798,6710
2010-09-14,1430.678,197.004,240.94131944444445,1874,2705,10270
2010-09-15,986.094,219.558,241.29677777777778,0,898,6018
2010-09-16,1339.738,171.35,240.41177083333332,1038,739,10310
2010-09-17,1497.608,196.642,240.814875,1954,5496,9727
2010-09-18,1247.946,161.978,241.55907638888888,982,754,11779
2010-09-19,919.6,147.406,241.71130555555555,0,1307,5156
2010-09-20,1682.832,195.214,241.4937361111111,3323,766,13262
2010-09-21,1111.376,179.714,240.91864583333333,0,679,7969
2010-09-22,1510.394,188.33,240.65502777777778,2472,1167,11768
2010-09-23,1449.862,164.938,240.7245,1021,755,12002
2010-09-24,1327.992,185.256,240.58872222222223,1739,773,8666
2010-09-25,106.006,28.524,240.77512711864406,0,150,896
2010-09-26,0,0,NaN,0,0,0
2010-09-27,0,0,NaN,0,0,0
2010-09-28,470.426,25.84,240.24564459930315,944,181,902
2010-09-29,1684.426,139.41,241.22340972222221,1579,648,13047
2010-09-30,1248.278,153.236,242.30779166666667,0,771,7988
2010-10-01,1504.82,157.784,240.80197916666665,1752,724,11307
2010-10-02,1923.254,166.086,240.70345833333334,3972,741,13532
2010-10-03,1830.684,202.814,241.93284027777779,5000,2564,7738
2010-10-04,1775.96,187.584,240.62145833333332,1709,722,8252
2010-10-05,1854.624,212.642,239.919,0,3012,12037
2010-10-06,1315.456,140.568,241.27625,1016,527,8055
2010-10-07,1809.954,180.096,241.6052361111111,2159,543,12666
2010-10-08,1510.456,200.616,240.98219444444445,964,710,9927
2010-10-09,1611.78,254.02,240.1984375,959,1585,13132
2010-10-10,1998.904,327.446,240.34234722222223,3325,773,10297
2010-10-11,1622.59,268.53,239.92619444444443,1007,5006,8734
2010-10-12,1579.692,170.268,240.26067361111112,1104,780,9812
2010-10-13,2073.886,172.644,240.79931944444445,1988,611,16593
2010-10-14,2135.122,215.944,240.90321527777778,2583,2441,14239
2010-10-15,1596.324,201.54,240.79494444444444,712,827,10786
2010-10-16,1000.014,167.938,241.91749305555555,0,645,7656
2010-10-17,1047.382,185.494,242.2758263888889,995,666,4681
2010-10-18,2713.884,261.184,241.81618055555555,2234,10218,16382
2010-10-19,1925.978,219.57,241.91278472222223,1025,4110,9461
2010-10-20,1727.964,162.564,242.248125,2154,690,10330
2010-10-21,1355.198,181.434,243.4724236111111,755,691,6757
2010-10-22,1668.892,148.522,242.79820138888888,1106,478,12697
2010-10-23,2293.236,213.112,242.24353472222222,3737,3883,13465
2010-10-24,2390.548,269.228,243.02164002779708,1982,7541,13237
2010-10-25,1163.292,159.328,242.40615277777778,0,541,6748
2010-10-26,945.904,173.266,244.89095833333334,0,2488,4989
2010-10-27,1260.278,153.832,246.10870833333334,0,2058,8269
2010-10-28,1463.326,187.24,246.25389583333333,1103,2627,9087
2010-10-29,1204.422,195.72,245.74310416666665,1075,726,3911
2010-10-30,2152.7,195.32,243.26736805555555,2353,614,15303
2010-10-31,1476.43,208.082,245.49527777777777,1430,678,5589
2010-11-01,1383.18,187.086,246.37959722222223,0,634,8746
2010-11-02,1191.082,186.52,245.78691666666666,0,574,5784
2010-11-03,1293.298,176.264,244.27853472222222,1021,1108,6529
2010-11-04,2555.146,252.438,243.15222916666667,6029,11193,10286
2010-11-05,1736.088,180.498,243.77503472222222,0,790,12610
2010-11-06,1805.408,193.958,238.43022222222223,3255,680,9803
2010-11-07,1673.816,174.976,238.43648611111112,1026,621,6943
2010-11-08,1825.54,145.656,237.7430625,1087,555,13038
2010-11-09,2022.098,154.67,237.78809027777777,2097,583,12500
2010-11-10,1946.534,153.472,239.08477083333332,1026,5858,13308
2010-11-11,1773.592,152.188,238.72870833333334,3424,2216,6259
2010-11-12,1836.822,151.144,238.83789583333333,2054,489,10308
2010-11-13,2023.174,162.18,239.33274305555557,1051,589,13853
2010-11-14,2038.392,203.694,239.27979861111112,5344,549,8758
2010-11-15,1747.382,126.716,239.54924305555556,1075,4222,8918
2010-11-16,1509.748,133.598,241.19761111111112,0,478,7949
2010-11-17,1582.032,141.916,241.45224305555556,1153,491,8915
2010-11-18,1652.152,206.196,241.01675,2175,489,9449
2010-11-19,1570.4,122.928,240.04675694444444,0,483,11914
2010-11-20,2197.006,153.768,240.60833333333332,4367,2947,11433
2010-11-21,900.91,119.624,241.18019444444445,0,506,4778
2010-11-22,2041.536,142.354,240.19711805555556,4855,2110,10136
2010-11-23,1577.536,137.45,240.57552777777778,1871,458,7611
2010-11-24,1796.248,132.46,240.03096527777777,1096,2848,12224
2010-11-25,1431.164,116.128,241.53625694444443,1076,426,5072
2010-11-26,1488.104,120.826,240.29102929532857,1080,385,9989
